order_id,customer_id,order_date,total_amount
1,39,2025-03-19,6300
2,156,2025-03-26,12500
3,34,2025-03-03,500
4,85,2025-02-13,1200
5,73,2025-02-09,69000
6,55,2025-02-16,1500
7,80,2025-02-05,37500
8,30,2025-03-13,1050
9,62,2025-03-10,4500
10,193,2025-03-12,8600
11,24,2025-01-26,225000
12,91,2025-03-05,27200
13,32,2025-01-14,7650
14,65,2025-02-11,151050
15,41,2025-03-22,39600
16,23,2025-01-27,6150
17,131,2025-03-15,1050
18,98,2025-01-31,4900
19,141,2025-03-03,135000
20,186,2025-03-14,10800
21,63,2025-01-26,350
22,113,2025-03-11,400
23,144,2025-03-02,2100
24,118,2025-02-05,100600
25,173,2025-01-28,48000
26,38,2025-01-29,6200
27,7,2025-03-28,38500
28,99,2025-02-23,8200
29,102,2025-02-05,31300
30,22,2025-01-31,73200
31,146,2025-03-15,34200
32,162,2025-03-26,2200
33,118,2025-02-01,94000
34,133,2025-01-22,7600
35,123,2025-03-22,18350
36,30,2025-03-19,5200
37,52,2025-03-14,12600
38,158,2025-02-17,500
39,69,2025-03-25,6900
40,126,2025-02-20,3600
41,178,2025-03-25,93800
42,84,2025-02-04,500
43,44,2025-01-24,800
44,78,2025-03-28,38800
45,155,2025-02-08,3000
46,17,2025-01-03,38250
47,155,2025-03-16,1600
48,54,2025-02-19,6400
49,168,2025-03-14,141000
50,100,2025-01-15,14700
51,44,2025-03-31,6650
52,68,2025-01-15,90000
53,48,2025-01-06,36000
54,179,2025-01-14,139600
55,108,2025-02-22,93400
56,25,2025-01-24,91900
57,75,2025-01-12,12050
58,86,2025-01-27,2200
59,33,2025-03-09,2100
60,6,2025-01-01,10050
61,102,2025-02-07,173800
62,79,2025-03-24,39800
63,23,2025-01-25,61500
64,142,2025-01-26,39600
65,4,2025-01-31,3350
66,44,2025-02-27,54800
67,2,2025-01-03,94000
68,4,2025-02-02,106000
69,41,2025-01-27,350
70,197,2025-01-22,16800
71,24,2025-03-03,91200
72,42,2025-01-07,3600
73,114,2025-02-23,183800
74,70,2025-03-09,24350
75,134,2025-03-14,10500
76,55,2025-02-13,93600
77,189,2025-03-25,91200
78,18,2025-03-08,8900
79,175,2025-02-07,94600
80,179,2025-03-09,800
81,151,2025-03-31,1700
82,199,2025-03-04,36700
83,111,2025-02-17,99100
84,110,2025-02-03,350
85,13,2025-02-12,19000
86,95,2025-01-14,36000
87,126,2025-03-12,7600
88,89,2025-02-18,16000
89,124,2025-03-07,11400
90,16,2025-03-27,9500
91,170,2025-03-20,11200
92,113,2025-03-06,7850
93,169,2025-01-06,8050
94,75,2025-01-30,99150
95,92,2025-02-26,11300
96,55,2025-01-06,41000
97,166,2025-01-14,8400
98,135,2025-01-30,2400
99,169,2025-01-23,10800
100,143,2025-02-06,5550
101,42,2025-03-08,7100
102,131,2025-01-28,16300
103,41,2025-01-20,36800
104,28,2025-02-18,140300
105,50,2025-01-10,1450
106,87,2025-02-19,9800
107,112,2025-01-27,13800
108,122,2025-02-02,4500
109,199,2025-02-18,500
110,72,2025-01-30,10400
111,131,2025-02-27,8100
112,193,2025-03-17,9800
113,32,2025-01-08,62200
114,68,2025-02-08,3600
115,14,2025-01-12,30250
116,167,2025-01-21,135000
117,27,2025-03-17,1600
118,87,2025-02-12,9150
119,95,2025-01-06,91900
120,18,2025-03-31,16800
121,83,2025-03-10,46500
122,123,2025-03-24,48000
123,114,2025-01-09,5050
124,17,2025-03-18,10000
125,143,2025-01-28,1500
126,44,2025-01-06,3000
127,57,2025-01-04,8800
128,196,2025-02-03,4500
129,79,2025-01-01,77200
130,133,2025-01-02,46500
131,3,2025-03-03,3400
132,99,2025-03-08,53400
133,174,2025-03-07,5500
134,162,2025-02-11,400
135,118,2025-01-13,11200
136,123,2025-03-13,1500
137,52,2025-02-03,350
138,58,2025-01-21,4400
139,131,2025-02-12,7750
140,163,2025-01-11,2950
141,77,2025-02-07,148200
142,185,2025-01-08,1150
143,101,2025-01-29,15800
144,88,2025-03-01,40000
145,147,2025-02-23,1000
146,174,2025-01-25,36700
147,69,2025-03-04,700
148,138,2025-01-22,45200
149,87,2025-01-27,117000
150,144,2025-03-24,800
151,200,2025-02-12,15000
152,142,2025-02-01,127350
153,157,2025-01-17,3000
154,2,2025-03-27,18000
155,110,2025-02-15,99100
156,41,2025-03-01,3550
157,153,2025-01-05,800
158,185,2025-02-05,700
159,100,2025-01-02,4800
160,197,2025-02-10,1500
161,139,2025-02-20,135700
162,63,2025-03-02,2400
163,133,2025-01-17,1050
164,39,2025-02-03,3600
165,89,2025-02-07,135000
166,137,2025-03-04,1500
167,67,2025-03-03,91200
168,124,2025-01-08,6600
169,192,2025-03-26,6000
170,11,2025-02-10,36000
171,191,2025-01-25,6900
172,193,2025-02-04,108000
173,159,2025-01-30,41100
174,56,2025-02-22,24000
175,72,2025-02-04,9600
176,29,2025-01-15,54950
177,194,2025-03-25,94800
178,193,2025-01-04,132600
179,121,2025-03-15,14800
180,133,2025-01-10,276600
181,70,2025-01-22,95400
182,80,2025-03-17,13500
183,146,2025-02-25,350
184,2,2025-03-30,350
185,172,2025-02-05,95900
186,178,2025-01-25,139500
187,42,2025-01-06,1200
188,117,2025-02-27,5400
189,69,2025-01-05,400
190,7,2025-02-22,7750
191,177,2025-03-04,36700
192,115,2025-03-07,3600
193,145,2025-03-27,15000
194,103,2025-01-03,1150
195,192,2025-02-27,12700
196,14,2025-03-25,26100
197,93,2025-01-22,3600
198,31,2025-01-24,6000
199,168,2025-01-26,2500
200,199,2025-01-23,6600
201,127,2025-03-02,7200
202,126,2025-03-10,47550
203,181,2025-01-13,2400
204,167,2025-01-10,10600
205,175,2025-02-21,2600
206,55,2025-03-24,4800
207,191,2025-02-23,136000
208,114,2025-03-20,14400
209,158,2025-03-27,3200
210,132,2025-03-05,1900
211,45,2025-02-07,6200
212,176,2025-02-28,10100
213,52,2025-03-10,45350
214,58,2025-01-11,96400
215,100,2025-03-23,13400
216,106,2025-01-11,13500
217,132,2025-03-31,41700
218,44,2025-03-18,50200
219,105,2025-02-12,36000
220,102,2025-02-01,12600
221,37,2025-01-11,6000
222,50,2025-02-08,96000
223,6,2025-01-10,4200
224,123,2025-02-28,7950
225,2,2025-03-22,2400
226,113,2025-02-19,15800
227,69,2025-03-21,91400
228,129,2025-01-14,142050
229,4,2025-03-31,45600
230,153,2025-03-06,36000
231,19,2025-01-10,47400
232,141,2025-01-05,4800
233,66,2025-03-24,500
234,161,2025-03-30,145300
235,14,2025-01-03,9700
236,110,2025-03-31,500
237,81,2025-03-13,4300
238,74,2025-03-06,171000
239,114,2025-01-16,350
240,177,2025-01-10,800
241,158,2025-03-06,3100
242,116,2025-02-12,350
243,100,2025-02-04,7250
244,85,2025-01-08,14800
245,94,2025-03-06,7150
246,16,2025-02-04,11500
247,108,2025-02-22,93000
248,190,2025-02-27,12450
249,137,2025-02-28,53300
250,117,2025-03-11,1500
251,10,2025-02-24,1600
252,66,2025-01-10,1600
253,149,2025-01-01,2400
254,4,2025-01-07,2800
255,14,2025-03-27,8300
256,165,2025-02-01,137200
257,101,2025-01-15,4500
258,93,2025-02-21,6000
259,56,2025-01-14,5500
260,100,2025-01-05,7300
261,29,2025-01-06,11800
262,115,2025-01-25,2200
263,53,2025-02-15,48950
264,160,2025-02-06,92900
265,144,2025-01-22,6400
266,93,2025-01-23,13300
267,12,2025-02-24,1600
268,9,2025-02-14,45000
269,83,2025-01-27,10800
270,140,2025-02-23,9800
271,130,2025-03-15,1000
272,140,2025-01-29,400
273,89,2025-01-03,95200
274,2,2025-01-25,4500
275,10,2025-02-20,18300
276,169,2025-02-28,102100
277,23,2025-01-07,6050
278,163,2025-03-18,1550
279,161,2025-01-14,11000
280,97,2025-01-04,6600
281,8,2025-02-06,10400
282,35,2025-01-08,2400
283,142,2025-02-20,1500
284,95,2025-02-20,48750
285,101,2025-03-18,137200
286,16,2025-01-25,11100
287,193,2025-03-31,1500
288,130,2025-01-10,99000
289,71,2025-03-23,136750
290,151,2025-02-16,500
291,44,2025-01-08,7700
292,64,2025-02-07,3600
293,76,2025-03-20,70600
294,8,2025-01-29,39000
295,78,2025-01-06,90350
296,178,2025-01-07,24000
297,41,2025-01-18,6100
298,3,2025-03-28,7400
299,27,2025-02-11,1100
300,81,2025-01-02,1600
301,39,2025-03-21,4700
302,5,2025-03-05,93400
303,187,2025-01-22,142100
304,20,2025-01-07,50950
305,48,2025-02-18,350
306,179,2025-01-03,12000
307,24,2025-01-31,36000
308,166,2025-01-14,4000
309,74,2025-01-21,2350
310,158,2025-02-16,5200
311,125,2025-02-15,138350
312,35,2025-03-04,81000
313,137,2025-02-08,1500
314,125,2025-02-21,74000
315,18,2025-03-04,126000
316,3,2025-01-27,2000
317,97,2025-01-05,3400
318,7,2025-03-26,400
319,40,2025-01-19,1500
320,78,2025-03-13,7050
321,174,2025-01-22,14100
322,157,2025-01-27,39450
323,92,2025-02-12,9000
324,27,2025-02-19,5900
325,73,2025-03-18,83200
326,136,2025-03-30,45000
327,48,2025-03-21,2200
328,163,2025-02-13,6700
329,183,2025-03-29,700
330,98,2025-01-28,36000
331,194,2025-02-17,1950
332,197,2025-03-14,10750
333,40,2025-01-23,60000
334,116,2025-02-02,4650
335,33,2025-02-22,42700
336,140,2025-01-01,800
337,113,2025-03-26,7300
338,138,2025-02-24,47400
339,116,2025-02-06,46200
340,76,2025-03-19,12000
341,171,2025-02-13,750
342,123,2025-03-27,4500
343,52,2025-03-03,14200
344,87,2025-01-28,15750
345,35,2025-03-16,160700
346,157,2025-03-05,45000
347,194,2025-03-03,8200
348,173,2025-03-14,150600
349,126,2025-01-29,5600
350,18,2025-02-21,800
351,1,2025-03-03,4400
352,110,2025-01-18,142200
353,96,2025-03-25,7600
354,16,2025-03-25,8600
355,23,2025-03-16,800
356,111,2025-03-17,4500
357,82,2025-03-27,9900
358,90,2025-02-18,3000
359,93,2025-02-09,1500
360,145,2025-02-20,5350
361,50,2025-01-27,7750
362,145,2025-03-27,10200
363,59,2025-01-23,91200
364,58,2025-02-26,3600
365,96,2025-03-01,9400
366,139,2025-02-24,2200
367,156,2025-02-13,45000
368,164,2025-02-23,2400
369,104,2025-02-03,7500
370,46,2025-01-30,350
371,35,2025-01-04,90000
372,3,2025-02-04,8100
373,8,2025-01-22,800
374,42,2025-01-13,36000
375,168,2025-01-12,4250
376,171,2025-03-05,180700
377,129,2025-03-09,9800
378,10,2025-02-08,500
379,184,2025-03-03,5900
380,177,2025-01-25,13500
381,154,2025-01-13,1200
382,173,2025-02-03,33300
383,162,2025-01-25,4700
384,30,2025-02-26,135000
385,161,2025-03-19,1500
386,17,2025-01-15,24000
387,193,2025-02-02,1500
388,107,2025-02-11,315000
389,73,2025-02-03,75000
390,40,2025-03-06,24000
391,6,2025-01-07,58400
392,158,2025-01-22,17300
393,133,2025-03-16,8050
394,16,2025-02-03,11700
395,67,2025-02-06,5550
396,51,2025-02-15,135750
397,99,2025-02-10,25000
398,21,2025-02-22,99750
399,165,2025-01-15,3000
400,78,2025-03-28,91200
401,180,2025-02-19,4400
402,142,2025-02-23,138500
403,116,2025-02-20,6950
404,164,2025-03-27,20200
405,116,2025-01-16,9000
406,148,2025-01-06,38900
407,86,2025-01-31,8300
408,176,2025-02-12,20500
409,122,2025-02-18,40400
410,165,2025-01-02,28050
411,24,2025-02-28,4500
412,47,2025-03-03,7500
413,147,2025-03-27,9800
414,39,2025-03-11,160500
415,174,2025-02-28,28300
416,121,2025-01-30,19200
417,151,2025-02-18,6000
418,9,2025-03-07,9000
419,45,2025-03-09,2200
420,197,2025-03-19,800
421,28,2025-02-08,116550
422,59,2025-03-05,35400
423,136,2025-03-21,1000
424,144,2025-01-09,94500
425,142,2025-01-04,14200
426,76,2025-01-27,94000
427,79,2025-03-17,8800
428,130,2025-02-28,28600
429,196,2025-01-07,5300
430,63,2025-03-08,15700
431,134,2025-03-18,25050
432,37,2025-01-21,45000
433,46,2025-02-25,136500
434,133,2025-01-20,51100
435,79,2025-03-02,6100
436,175,2025-03-26,8800
437,41,2025-02-19,139400
438,74,2025-03-30,400
439,40,2025-03-10,1050
440,49,2025-02-08,191200
441,121,2025-02-24,51000
442,3,2025-03-04,13200
443,85,2025-02-07,19600
444,50,2025-03-25,3000
445,109,2025-02-16,91600
446,148,2025-01-22,9000
447,61,2025-02-21,17000
448,62,2025-01-27,9250
449,178,2025-03-14,3800
450,189,2025-03-14,10500
451,142,2025-02-03,1000
452,173,2025-03-13,2800
453,135,2025-03-13,1600
454,161,2025-03-31,97600
455,184,2025-01-28,6600
456,177,2025-02-10,3100
457,72,2025-03-30,3800
458,51,2025-01-03,13300
459,87,2025-02-21,2400
460,70,2025-02-26,9050
461,12,2025-01-18,93400
462,75,2025-03-22,5700
463,74,2025-01-13,3000
464,30,2025-03-04,9800
465,197,2025-02-07,45000
466,101,2025-03-19,150600
467,142,2025-03-12,7700
468,46,2025-01-23,24000
469,109,2025-02-11,39100
470,197,2025-02-26,10200
471,57,2025-03-13,168600
472,161,2025-02-17,40600
473,134,2025-01-03,400
474,74,2025-02-16,100400
475,197,2025-03-22,11900
476,27,2025-03-11,2400
477,197,2025-03-31,9550
478,81,2025-01-13,30000
479,157,2025-01-27,3000
480,159,2025-01-18,3600
481,155,2025-02-20,11600
482,163,2025-01-02,5600
483,77,2025-03-03,1850
484,143,2025-03-09,10700
485,2,2025-03-25,4600
486,47,2025-03-16,51600
487,60,2025-02-05,140400
488,194,2025-01-09,7400
489,170,2025-03-27,91900
490,87,2025-03-13,12600
491,2,2025-02-07,136750
492,110,2025-03-01,5850
493,71,2025-03-23,2400
494,113,2025-02-16,6000
495,145,2025-02-26,9000
496,10,2025-02-28,135000
497,131,2025-01-14,84400
498,178,2025-02-24,42000
499,122,2025-01-24,16900
500,183,2025-01-02,2400
501,142,2025-02-17,45400
502,56,2025-02-14,5800
503,182,2025-03-09,37300
504,43,2025-02-01,36000
505,136,2025-01-24,138600
506,105,2025-02-17,135350
507,118,2025-03-16,83250
508,6,2025-01-05,4850
509,44,2025-01-13,9700
510,102,2025-03-18,91200
511,48,2025-02-12,58600
512,102,2025-02-12,52100
513,164,2025-02-18,1500
514,114,2025-01-08,140250
515,195,2025-02-16,14100
516,27,2025-02-23,146100
517,157,2025-03-01,2700
518,165,2025-02-05,6500
519,127,2025-03-22,103600
520,157,2025-02-10,1500
521,170,2025-01-28,2400
522,4,2025-01-01,4500
523,26,2025-03-05,3200
524,156,2025-01-25,5550
525,37,2025-03-18,4900
526,75,2025-01-06,4200
527,192,2025-03-30,47000
528,137,2025-02-20,90000
529,187,2025-03-24,5600
530,25,2025-03-08,13500
531,65,2025-01-13,7800
532,61,2025-02-09,6000
533,77,2025-03-23,270000
534,160,2025-01-27,2200
535,168,2025-03-08,6800
536,166,2025-03-19,8550
537,131,2025-01-05,10400
538,147,2025-02-02,47500
539,82,2025-03-08,1200
540,167,2025-01-13,236200
541,150,2025-03-20,2400
542,181,2025-01-25,4600
543,95,2025-03-02,148500
544,120,2025-02-21,4800
545,64,2025-02-16,48900
546,128,2025-01-11,3000
547,24,2025-01-01,6000
548,153,2025-02-07,1500
549,78,2025-03-01,8600
550,110,2025-01-27,12700
551,193,2025-01-27,5200
552,28,2025-01-24,2300
553,51,2025-02-04,2400
554,64,2025-01-30,16400
555,75,2025-01-30,1000
556,11,2025-02-10,102000
557,146,2025-02-05,21400
558,143,2025-01-18,2300
559,19,2025-01-01,4500
560,124,2025-03-20,5700
561,53,2025-01-19,1200
562,156,2025-03-05,3000
563,40,2025-03-15,4750
564,129,2025-01-29,55300
565,9,2025-03-17,31400
566,167,2025-01-14,3400
567,120,2025-01-26,20000
568,101,2025-02-05,39100
569,25,2025-03-13,45250
570,152,2025-02-01,90000
571,63,2025-01-27,8900
572,28,2025-02-09,6150
573,64,2025-01-23,13950
574,153,2025-03-23,9400
575,28,2025-01-18,700
576,105,2025-01-03,29500
577,142,2025-03-02,1200
578,198,2025-02-06,10650
579,137,2025-03-04,5200
580,17,2025-02-18,27900
581,112,2025-01-09,4950
582,142,2025-02-19,76200
583,8,2025-02-22,3000
584,150,2025-01-13,6600
585,126,2025-01-07,76200
586,123,2025-01-18,9900
587,124,2025-02-24,700
588,76,2025-02-27,40500
589,186,2025-03-05,5200
590,29,2025-01-20,4300
591,153,2025-02-15,11700
592,70,2025-03-27,6600
593,113,2025-02-26,25850
594,81,2025-02-09,5900
595,84,2025-01-14,48250
596,177,2025-03-09,169050
597,169,2025-03-29,55200
598,150,2025-01-05,49600
599,11,2025-01-19,400
600,55,2025-02-17,400
601,82,2025-03-13,11100
602,98,2025-01-20,45000
603,137,2025-03-03,146200
604,195,2025-03-13,138200
605,14,2025-03-09,12900
606,161,2025-01-22,4550
607,25,2025-01-18,4800
608,3,2025-03-23,5900
609,182,2025-02-15,4500
610,55,2025-02-05,46350
611,186,2025-01-14,45600
612,21,2025-01-14,350
613,5,2025-03-08,18400
614,23,2025-03-09,1600
615,79,2025-03-16,11600
616,123,2025-02-21,3750
617,24,2025-02-22,1000
618,191,2025-03-26,1400
619,194,2025-03-17,1200
620,127,2025-03-16,9000
621,119,2025-01-18,4250
622,63,2025-02-04,3450
623,49,2025-02-10,27200
624,80,2025-03-12,3000
625,53,2025-03-18,12300
626,64,2025-02-12,3600
627,165,2025-01-12,21500
628,28,2025-01-09,28400
629,14,2025-02-05,16800
630,8,2025-02-25,90500
631,200,2025-03-24,139000
632,164,2025-02-03,12200
633,33,2025-01-30,36000
634,15,2025-01-20,700
635,37,2025-01-30,11200
636,151,2025-01-02,11600
637,89,2025-02-17,46800
638,160,2025-01-23,2200
639,135,2025-01-02,5400
640,16,2025-03-12,2700
641,86,2025-02-09,28500
642,71,2025-02-20,15800
643,18,2025-03-12,136200
644,192,2025-03-22,4500
645,137,2025-02-07,4500
646,28,2025-01-21,12400
647,58,2025-03-31,37000
648,86,2025-02-15,3000
649,47,2025-01-18,4400
650,96,2025-03-14,6000
651,21,2025-01-07,139400
652,171,2025-01-12,12600
653,147,2025-03-01,51400
654,28,2025-02-20,800
655,166,2025-02-16,15750
656,136,2025-02-16,350
657,172,2025-01-11,408000
658,44,2025-03-20,3600
659,16,2025-02-28,1500
660,175,2025-02-28,159000
661,2,2025-02-21,135800
662,178,2025-01-26,6100
663,24,2025-01-19,126000
664,39,2025-01-25,225000
665,123,2025-03-09,350
666,122,2025-02-02,90400
667,104,2025-01-20,9000
668,159,2025-01-30,1600
669,60,2025-03-20,183800
670,24,2025-01-16,6600
671,133,2025-01-14,25700
672,99,2025-03-10,9400
673,25,2025-01-12,25850
674,127,2025-03-02,800
675,117,2025-01-19,9000
676,95,2025-03-11,3100
677,63,2025-02-05,350
678,16,2025-03-25,7500
679,171,2025-02-12,207000
680,185,2025-01-10,7900
681,125,2025-03-24,15000
682,26,2025-03-22,47400
683,82,2025-03-12,13400
684,7,2025-03-28,4750
685,126,2025-03-28,3600
686,65,2025-01-05,2400
687,26,2025-01-31,8700
688,198,2025-01-16,10500
689,72,2025-01-09,135800
690,193,2025-02-19,49900
691,142,2025-01-17,36000
692,70,2025-01-23,7400
693,189,2025-02-20,36000
694,34,2025-03-06,500
695,137,2025-03-05,8900
696,161,2025-01-31,48950
697,77,2025-03-19,137300
698,186,2025-03-10,49700
699,193,2025-02-25,95600
700,119,2025-03-22,137600
701,19,2025-01-14,500
702,104,2025-03-28,6500
703,124,2025-02-25,39600
704,159,2025-03-27,16050
705,95,2025-03-11,3600
706,48,2025-01-17,40000
707,150,2025-02-26,60800
708,182,2025-03-18,3400
709,61,2025-02-22,2300
710,121,2025-03-02,27800
711,118,2025-02-16,1150
712,161,2025-02-14,45000
713,1,2025-01-17,28400
714,164,2025-01-02,700
715,63,2025-03-07,400
716,51,2025-01-21,3600
717,18,2025-02-15,6800
718,47,2025-01-01,102000
719,94,2025-03-19,6850
720,83,2025-01-13,8300
721,200,2025-02-04,1200
722,193,2025-03-01,1050
723,172,2025-02-11,36000
724,155,2025-03-01,4900
725,112,2025-01-26,135000
726,164,2025-01-24,1300
727,104,2025-03-12,6000
728,26,2025-03-22,39600
729,84,2025-02-27,2700
730,4,2025-02-22,40800
731,114,2025-03-30,2200
732,186,2025-02-14,46400
733,165,2025-03-16,24400
734,193,2025-03-13,92200
735,160,2025-03-17,45000
736,24,2025-01-22,2300
737,151,2025-03-27,4350
738,124,2025-03-06,350
739,48,2025-03-16,93000
740,124,2025-02-13,4400
741,180,2025-01-30,7300
742,177,2025-01-24,5850
743,50,2025-01-03,138250
744,124,2025-01-30,6850
745,57,2025-01-23,47900
746,131,2025-01-11,400
747,182,2025-03-29,2200
748,196,2025-02-26,95450
749,187,2025-01-19,5500
750,80,2025-01-09,90500
751,165,2025-02-22,20000
752,143,2025-03-09,24350
753,189,2025-03-10,33000
754,83,2025-01-14,7600
755,71,2025-03-17,3450
756,92,2025-02-24,4650
757,75,2025-03-13,141000
758,73,2025-01-13,92200
759,32,2025-01-05,38400
760,21,2025-02-04,6000
761,155,2025-01-09,45000
762,82,2025-01-29,3100
763,99,2025-02-04,1500
764,104,2025-03-15,11400
765,150,2025-02-18,14200
766,41,2025-02-18,6900
767,46,2025-01-14,1500
768,34,2025-03-01,6800
769,132,2025-03-26,96600
770,192,2025-03-29,5200
771,172,2025-02-18,6450
772,162,2025-01-18,23800
773,77,2025-02-05,46600
774,101,2025-03-17,12000
775,22,2025-02-26,14750
776,124,2025-03-09,24350
777,11,2025-03-22,7650
778,6,2025-03-22,164400
779,46,2025-02-17,3600
780,169,2025-01-31,136700
781,122,2025-03-31,350
782,21,2025-03-17,135800
783,153,2025-02-01,2400
784,77,2025-02-02,400
785,186,2025-01-18,13200
786,41,2025-02-15,500
787,75,2025-03-14,46050
788,176,2025-02-21,6000
789,168,2025-02-14,5600
790,180,2025-02-24,141450
791,28,2025-02-11,44800
792,136,2025-03-21,6000
793,36,2025-03-26,7500
794,32,2025-02-04,25450
795,134,2025-03-18,1300
796,23,2025-02-24,4650
797,120,2025-03-25,4900
798,14,2025-01-26,2300
799,93,2025-01-12,1600
800,83,2025-02-24,1500
801,110,2025-01-18,6550
802,127,2025-02-04,36000
803,180,2025-02-07,1600
804,48,2025-03-13,1500
805,86,2025-02-14,12000
806,49,2025-03-19,5500
807,184,2025-02-21,140600
808,87,2025-03-13,12600
809,175,2025-03-07,49600
810,161,2025-03-10,4500
811,79,2025-01-28,126000
812,124,2025-03-17,135500
813,196,2025-02-02,144600
814,169,2025-01-24,6000
815,109,2025-03-22,84900
816,26,2025-01-06,50500
817,131,2025-01-19,3600
818,54,2025-02-02,4000
819,18,2025-02-26,10000
820,28,2025-02-24,3000
821,110,2025-02-02,500
822,141,2025-01-19,12750
823,6,2025-03-07,350
824,35,2025-03-19,2400
825,156,2025-03-25,5500
826,75,2025-03-12,103500
827,16,2025-03-11,2400
828,4,2025-01-04,2250
829,44,2025-02-13,139600
830,106,2025-02-16,3600
831,154,2025-03-07,400
832,144,2025-03-13,138200
833,199,2025-03-31,66000
834,188,2025-02-11,800
835,87,2025-01-11,27350
836,9,2025-03-28,142200
837,33,2025-01-28,3000
838,183,2025-01-29,5300
839,31,2025-03-15,12600
840,180,2025-01-23,6000
841,26,2025-01-28,73400
842,161,2025-01-25,11400
843,142,2025-03-05,8100
844,8,2025-01-26,350
845,67,2025-03-13,3400
846,141,2025-03-27,149400
847,173,2025-03-04,136050
848,190,2025-02-01,7200
849,109,2025-01-10,4500
850,95,2025-02-05,24000
851,93,2025-03-05,1500
852,72,2025-02-25,6100
853,92,2025-02-07,14600
854,122,2025-01-30,400
855,99,2025-01-28,8200
856,194,2025-03-08,210000
857,26,2025-01-08,12500
858,199,2025-01-13,3400
859,84,2025-03-04,500
860,116,2025-01-11,91300
861,81,2025-02-18,9450
862,141,2025-01-08,92400
863,32,2025-01-24,1600
864,176,2025-03-26,3950
865,160,2025-02-08,10850
866,60,2025-01-04,192000
867,23,2025-02-06,1000
868,62,2025-03-05,1200
869,84,2025-03-13,12000
870,99,2025-02-19,3800
871,22,2025-01-10,800
872,196,2025-03-24,51400
873,151,2025-02-19,1500
874,142,2025-03-21,500
875,188,2025-02-02,2200
876,91,2025-02-16,9000
877,188,2025-03-20,7600
878,72,2025-02-12,1200
879,5,2025-03-19,8400
880,71,2025-03-24,3000
881,191,2025-02-05,9000
882,83,2025-01-06,92400
883,41,2025-01-05,9000
884,186,2025-03-18,141000
885,103,2025-03-04,66600
886,44,2025-03-29,500
887,172,2025-02-02,1200
888,182,2025-03-03,144000
889,153,2025-01-08,5900
890,161,2025-02-04,79500
891,76,2025-03-04,27700
892,80,2025-01-23,45000
893,182,2025-03-19,138400
894,16,2025-01-18,4400
895,143,2025-03-08,49950
896,35,2025-03-19,171000
897,27,2025-02-27,4000
898,47,2025-03-30,6600
899,158,2025-01-20,8200
900,118,2025-02-20,12000
901,102,2025-03-01,48000
902,42,2025-03-01,10500
903,176,2025-02-04,1400
904,125,2025-01-05,15200
905,46,2025-01-06,5100
906,149,2025-02-05,3900
907,84,2025-01-09,144000
908,98,2025-02-14,45000
909,72,2025-02-08,36000
910,164,2025-02-28,800
911,130,2025-02-05,800
912,46,2025-03-15,2400
913,46,2025-02-01,101800
914,181,2025-03-15,16200
915,66,2025-01-04,1050
916,10,2025-03-26,91500
917,168,2025-02-05,11850
918,77,2025-03-21,3200
919,168,2025-01-15,7300
920,93,2025-01-22,3700
921,185,2025-02-11,136500
922,5,2025-02-14,40400
923,86,2025-02-13,9400
924,54,2025-02-25,3000
925,169,2025-03-13,49400
926,107,2025-03-28,2700
927,181,2025-02-15,136200
928,112,2025-02-25,51000
929,113,2025-03-26,6000
930,169,2025-03-15,25500
931,144,2025-02-23,3600
932,104,2025-01-10,148600
933,147,2025-03-13,4800
934,152,2025-01-05,4500
935,48,2025-02-22,1000
936,85,2025-02-02,10500
937,90,2025-01-17,136500
938,90,2025-03-06,4500
939,140,2025-01-19,65900
940,117,2025-01-12,3600
941,185,2025-02-17,45000
942,178,2025-03-25,3000
943,152,2025-03-08,6100
944,151,2025-01-12,90500
945,112,2025-01-26,24000
946,163,2025-02-15,1000
947,34,2025-03-26,41300
948,159,2025-03-30,1200
949,162,2025-01-22,50450
950,15,2025-01-30,3600
951,113,2025-01-17,9000
952,66,2025-03-13,127000
953,74,2025-03-13,7950
954,160,2025-02-12,1600
955,66,2025-03-24,25500
956,180,2025-02-13,2400
957,181,2025-01-29,18000
958,142,2025-02-17,148200
959,150,2025-03-10,71400
960,160,2025-02-23,55700
961,78,2025-01-27,48400
962,191,2025-03-07,2400
963,124,2025-03-21,273000
964,111,2025-02-11,1200
965,88,2025-01-19,139800
966,96,2025-01-04,2200
967,184,2025-02-10,1100
968,38,2025-02-06,2750
969,9,2025-01-18,24000
970,181,2025-03-13,18100
971,146,2025-02-16,138500
972,56,2025-02-16,3000
973,91,2025-03-05,19700
974,194,2025-02-14,10000
975,38,2025-03-24,2400
976,118,2025-03-13,12550
977,120,2025-02-10,1600
978,77,2025-01-15,15900
979,86,2025-03-19,8800
980,81,2025-02-27,7500
981,93,2025-02-03,97200
982,42,2025-02-27,17200
983,129,2025-03-10,144000
984,98,2025-03-10,6300
985,59,2025-02-22,36800
986,152,2025-03-15,39200
987,104,2025-03-17,1600
988,24,2025-02-18,13500
989,200,2025-03-01,3900
990,181,2025-01-20,45000
991,18,2025-03-25,22000
992,197,2025-02-01,4950
993,94,2025-03-19,48000
994,137,2025-02-28,10100
995,86,2025-03-15,10500
996,160,2025-02-14,1750
997,10,2025-01-23,4400
998,184,2025-03-29,4750
999,192,2025-01-03,117000
1000,165,2025-03-24,54000
1001,117,2025-03-14,7200
1002,9,2025-01-13,3600
1003,92,2025-01-23,9300
1004,57,2025-01-27,180700
1005,123,2025-03-01,139650
1006,156,2025-01-03,10500
1007,41,2025-02-09,3600
1008,1,2025-03-26,2400
1009,194,2025-03-09,11950
1010,130,2025-03-08,24700
1011,193,2025-03-05,45000
1012,143,2025-01-30,61200
1013,119,2025-03-25,48200
1014,94,2025-02-21,271200
1015,118,2025-02-12,3800
1016,165,2025-03-17,2300
1017,48,2025-02-26,3400
1018,190,2025-01-20,10750
1019,122,2025-02-12,4200
1020,70,2025-02-02,2250
1021,162,2025-01-20,97100
1022,33,2025-01-17,14350
1023,70,2025-01-20,27000
1024,71,2025-03-18,50800
1025,21,2025-01-17,2400
1026,108,2025-01-23,4500
1027,146,2025-03-15,3000
1028,19,2025-02-20,15000
1029,108,2025-02-20,57000
1030,160,2025-01-02,500
1031,178,2025-02-20,8800
1032,50,2025-02-07,96500
1033,10,2025-02-15,9800
1034,66,2025-03-19,100400
1035,67,2025-01-21,5650
1036,3,2025-01-07,55000
1037,74,2025-01-30,57000
1038,117,2025-01-13,9000
1039,156,2025-01-07,3850
1040,150,2025-02-07,137300
1041,42,2025-02-27,6700
1042,151,2025-02-26,1200
1043,36,2025-03-29,800
1044,44,2025-01-10,2550
1045,110,2025-03-22,3100
1046,1,2025-03-23,6000
1047,94,2025-02-02,4600
1048,6,2025-03-10,44100
1049,60,2025-01-04,3000
1050,159,2025-01-05,66000
1051,165,2025-03-18,11700
1052,44,2025-03-29,3500
1053,139,2025-01-01,40800
1054,8,2025-02-09,1600
1055,84,2025-01-20,3200
1056,149,2025-01-26,36000
1057,199,2025-03-03,2700
1058,52,2025-02-18,3200
1059,1,2025-02-22,139050
1060,40,2025-02-11,18000
1061,24,2025-02-09,800
1062,192,2025-03-22,41550
1063,117,2025-03-19,7100
1064,13,2025-03-04,26200
1065,162,2025-03-09,3150
1066,67,2025-01-11,36000
1067,160,2025-02-27,350
1068,81,2025-03-15,47550
1069,184,2025-01-19,45350
1070,193,2025-02-26,3400
1071,196,2025-01-15,4850
1072,91,2025-03-30,3600
1073,99,2025-03-09,4050
1074,52,2025-03-20,14500
1075,76,2025-03-22,135500
1076,14,2025-01-07,4900
1077,14,2025-02-03,21300
1078,199,2025-03-30,24000
1079,158,2025-02-18,5000
1080,123,2025-03-02,2650
1081,142,2025-03-24,9800
1082,110,2025-03-10,10000
1083,17,2025-01-02,18000
1084,161,2025-02-10,350
1085,144,2025-03-17,2800
1086,142,2025-01-11,40500
1087,49,2025-01-03,69000
1088,146,2025-03-25,90000
1089,158,2025-03-09,3600
1090,12,2025-03-06,350
1091,13,2025-02-19,7400
1092,188,2025-02-11,6600
1093,193,2025-02-22,2700
1094,92,2025-01-28,1050
1095,27,2025-02-28,1200
1096,180,2025-01-12,2000
1097,108,2025-01-26,1500
1098,24,2025-02-19,138500
1099,41,2025-02-19,8200
1100,130,2025-03-21,800
1101,170,2025-03-08,162900
1102,148,2025-01-12,4500
1103,3,2025-03-17,2150
1104,5,2025-03-04,3000
1105,60,2025-02-17,3100
1106,161,2025-01-09,51050
1107,59,2025-03-14,1200
1108,185,2025-01-03,15600
1109,50,2025-02-21,6000
1110,105,2025-03-24,40500
1111,123,2025-03-11,12000
1112,28,2025-03-04,1200
1113,77,2025-03-27,141300
1114,170,2025-03-13,1050
1115,47,2025-02-01,1500
1116,103,2025-01-11,15600
1117,64,2025-01-07,36000
1118,97,2025-03-23,4400
1119,175,2025-03-03,400
1120,17,2025-02-25,2200
1121,1,2025-02-27,135000
1122,124,2025-01-12,3500
1123,161,2025-03-07,146000
1124,34,2025-02-16,1200
1125,189,2025-02-19,4400
1126,84,2025-03-10,48800
1127,143,2025-02-02,17900
1128,86,2025-02-03,95150
1129,128,2025-01-28,2400
1130,24,2025-02-26,2550
1131,38,2025-01-25,500
1132,45,2025-02-18,33200
1133,162,2025-01-08,3000
1134,63,2025-03-22,4700
1135,148,2025-01-16,2300
1136,1,2025-01-06,49600
1137,199,2025-03-09,36700
1138,39,2025-01-29,146700
1139,196,2025-03-06,191400
1140,87,2025-01-28,400
1141,126,2025-02-25,30800
1142,139,2025-02-17,137200
1143,72,2025-01-01,227400
1144,86,2025-01-08,47900
1145,185,2025-01-31,38100
1146,154,2025-02-18,12300
1147,97,2025-03-26,49000
1148,33,2025-01-03,10200
1149,97,2025-01-13,15300
1150,11,2025-03-23,1000
1151,144,2025-02-25,4500
1152,54,2025-02-25,135700
1153,191,2025-02-06,2800
1154,72,2025-03-24,50400
1155,133,2025-02-26,8300
1156,176,2025-02-23,154400
1157,194,2025-03-19,4400
1158,161,2025-02-13,117000
1159,193,2025-01-20,18000
1160,168,2025-03-08,1200
1161,6,2025-03-27,185400
1162,146,2025-03-13,7150
1163,145,2025-03-29,400
1164,167,2025-03-07,1000
1165,90,2025-01-29,5450
1166,66,2025-02-10,48600
1167,79,2025-02-11,6600
1168,88,2025-03-04,400
1169,122,2025-01-11,6700
1170,50,2025-03-03,39000
1171,117,2025-01-03,12400
1172,119,2025-02-24,6000
1173,167,2025-02-13,12800
1174,31,2025-02-12,139650
1175,188,2025-03-17,7400
1176,162,2025-03-06,76400
1177,16,2025-03-23,13500
1178,71,2025-03-16,10600
1179,144,2025-03-07,47650
1180,14,2025-02-17,41100
1181,87,2025-02-06,23200
1182,34,2025-02-04,3800
1183,53,2025-03-13,12600
1184,114,2025-03-01,40000
1185,90,2025-01-06,13050
1186,85,2025-01-29,4750
1187,25,2025-02-27,3000
1188,134,2025-03-09,5200
1189,87,2025-03-28,11450
1190,58,2025-03-03,136000
1191,58,2025-02-08,36000
1192,53,2025-03-25,12000
1193,16,2025-01-26,3000
1194,38,2025-03-28,400
1195,177,2025-03-16,138600
1196,179,2025-01-20,2200
1197,188,2025-03-26,1200
1198,32,2025-02-04,24000
1199,56,2025-01-25,103500
1200,86,2025-02-20,1000
1201,76,2025-03-22,11000
1202,13,2025-01-25,53900
1203,31,2025-02-19,9000
1204,91,2025-02-13,6000
1205,65,2025-01-29,6000
1206,83,2025-03-02,10500
1207,172,2025-03-25,27500
1208,151,2025-01-22,1100
1209,115,2025-02-11,3500
1210,102,2025-02-12,4500
1211,91,2025-01-11,400
1212,57,2025-01-12,28500
1213,137,2025-02-11,91950
1214,144,2025-03-13,5400
1215,14,2025-02-17,7850
1216,149,2025-03-13,6000
1217,24,2025-03-10,90400
1218,68,2025-03-02,33000
1219,115,2025-03-10,28700
1220,106,2025-01-25,62400
1221,76,2025-02-06,16500
1222,37,2025-03-03,45000
1223,186,2025-02-12,34500
1224,13,2025-03-04,49850
1225,59,2025-02-20,6000
1226,105,2025-02-10,16450
1227,7,2025-01-01,8300
1228,155,2025-03-25,13150
1229,174,2025-03-07,2200
1230,128,2025-01-10,34050
1231,40,2025-01-21,46500
1232,135,2025-02-26,17400
1233,135,2025-01-02,3600
1234,31,2025-03-02,6800
1235,13,2025-01-18,140900
1236,33,2025-03-06,10600
1237,196,2025-01-03,29500
1238,193,2025-02-01,4400
1239,57,2025-02-15,9000
1240,165,2025-01-01,134900
1241,93,2025-02-15,1500
1242,118,2025-03-26,14400
1243,84,2025-02-24,500
1244,67,2025-01-11,315400
1245,193,2025-01-17,93000
1246,88,2025-02-14,92500
1247,92,2025-02-18,4500
1248,60,2025-03-21,33700
1249,143,2025-03-25,92350
1250,162,2025-03-18,136200
1251,18,2025-01-04,6950
1252,141,2025-03-11,138600
1253,96,2025-02-12,5000
1254,27,2025-03-12,14100
1255,28,2025-02-03,138000
1256,16,2025-02-11,2000
1257,157,2025-03-16,400
1258,146,2025-01-04,8900
1259,153,2025-02-25,1050
1260,100,2025-01-30,3000
1261,23,2025-01-20,8850
1262,111,2025-03-24,8900
1263,172,2025-02-05,56300
1264,52,2025-02-27,3600
1265,198,2025-01-06,2000
1266,20,2025-02-11,7150
1267,89,2025-02-06,47400
1268,200,2025-02-10,159700
1269,70,2025-02-24,3800
1270,102,2025-01-07,6900
1271,113,2025-01-12,1700
1272,177,2025-02-24,96000
1273,15,2025-03-20,3450
1274,165,2025-03-30,3400
1275,108,2025-03-27,1500
1276,117,2025-03-18,4750
1277,29,2025-03-23,1500
1278,166,2025-02-15,2700
1279,11,2025-02-07,1000
1280,95,2025-01-23,7800
1281,45,2025-01-20,7200
1282,198,2025-02-27,149100
1283,101,2025-03-20,3000
1284,12,2025-01-16,3000
1285,59,2025-01-21,135000
1286,56,2025-01-16,43100
1287,176,2025-02-09,1000
1288,177,2025-01-27,2200
1289,141,2025-03-12,40400
1290,31,2025-01-25,135000
1291,185,2025-03-11,4200
1292,184,2025-02-02,1500
1293,166,2025-01-09,38200
1294,177,2025-03-08,91200
1295,52,2025-02-28,90400
1296,58,2025-02-13,3350
1297,113,2025-02-10,1950
1298,46,2025-03-16,19800
1299,37,2025-03-05,97700
1300,152,2025-03-05,96600
1301,63,2025-03-24,8100
1302,45,2025-02-27,46000
1303,56,2025-01-27,9800
1304,32,2025-02-25,51800
1305,1,2025-03-14,4350
1306,40,2025-02-24,6000
1307,164,2025-02-05,10400
1308,141,2025-01-25,45000
1309,2,2025-03-29,2900
1310,22,2025-01-28,5350
1311,28,2025-03-30,97000
1312,116,2025-02-13,1600
1313,132,2025-02-25,9000
1314,150,2025-03-22,90000
1315,106,2025-03-24,400
1316,165,2025-02-14,45000
1317,185,2025-02-07,102100
1318,179,2025-01-14,36000
1319,73,2025-03-18,274500
1320,157,2025-02-22,10050
1321,77,2025-01-19,24500
1322,186,2025-01-18,1500
1323,27,2025-02-16,17500
1324,167,2025-01-25,4100
1325,12,2025-03-14,500
1326,115,2025-02-13,350
1327,89,2025-03-23,1000
1328,105,2025-01-10,2400
1329,54,2025-03-22,3900
1330,89,2025-01-21,45000
1331,131,2025-02-24,23400
1332,182,2025-01-14,5700
1333,166,2025-01-08,45000
1334,64,2025-02-11,5300
1335,56,2025-01-28,1400
1336,38,2025-02-24,128100
1337,84,2025-02-12,144000
1338,32,2025-03-14,36000
1339,185,2025-03-05,41600
1340,8,2025-02-05,5300
1341,39,2025-02-07,4700
1342,12,2025-03-06,3100
1343,148,2025-03-08,1000
1344,88,2025-02-15,95200
1345,104,2025-02-18,45350
1346,80,2025-02-13,42000
1347,83,2025-02-05,47400
1348,50,2025-03-14,6600
1349,104,2025-02-22,7300
1350,183,2025-02-25,97600
1351,118,2025-02-23,271000
1352,122,2025-01-08,1200
1353,36,2025-03-11,15000
1354,143,2025-01-05,24000
1355,109,2025-02-01,5200
1356,133,2025-03-21,37900
1357,90,2025-01-06,92500
1358,58,2025-02-14,13200
1359,200,2025-03-14,92400
1360,42,2025-01-02,1050
1361,155,2025-03-25,9400
1362,15,2025-03-19,20300
1363,130,2025-02-28,60100
1364,100,2025-02-01,2400
1365,110,2025-01-27,102350
1366,12,2025-01-27,1700
1367,112,2025-01-03,5700
1368,143,2025-03-18,27900
1369,179,2025-02-06,174800
1370,153,2025-03-19,27900
1371,134,2025-02-27,21700
1372,92,2025-02-17,350
1373,75,2025-03-14,29700
1374,128,2025-02-04,1300
1375,54,2025-03-20,53450
1376,162,2025-03-18,10000
1377,78,2025-01-05,135000
1378,118,2025-03-25,101500
1379,177,2025-02-03,91000
1380,159,2025-01-21,5450
1381,86,2025-01-18,4400
1382,42,2025-03-14,12000
1383,97,2025-02-02,1500
1384,122,2025-01-24,7850
1385,148,2025-02-13,14000
1386,188,2025-03-19,136200
1387,22,2025-03-12,60000
1388,82,2025-03-01,1500
1389,32,2025-02-05,46000
1390,37,2025-02-08,97200
1391,93,2025-02-07,4950
1392,59,2025-01-07,1500
1393,51,2025-01-13,9400
1394,146,2025-01-04,143400
1395,56,2025-02-04,91200
1396,30,2025-01-21,11200
1397,10,2025-02-26,800
1398,162,2025-02-06,3600
1399,86,2025-01-22,90000
1400,147,2025-03-02,81700
1401,44,2025-03-21,24800
1402,156,2025-02-13,135000
1403,102,2025-03-12,160500
1404,32,2025-01-20,39900
1405,117,2025-03-16,57000
1406,138,2025-02-04,4400
1407,29,2025-01-30,34000
1408,32,2025-03-21,1000
1409,167,2025-02-19,8200
1410,9,2025-03-02,12400
1411,193,2025-01-20,8300
1412,184,2025-03-25,149400
1413,166,2025-01-31,4000
1414,30,2025-01-04,5450
1415,43,2025-03-18,7200
1416,156,2025-01-25,72000
1417,70,2025-03-07,350
1418,129,2025-01-15,14200
1419,102,2025-03-12,57000
1420,199,2025-01-27,10500
1421,52,2025-02-02,22350
1422,38,2025-03-24,117450
1423,87,2025-01-23,31600
1424,123,2025-03-28,36000
1425,49,2025-03-24,11000
1426,189,2025-03-09,12700
1427,1,2025-02-03,850
1428,36,2025-03-19,6000
1429,148,2025-03-12,1050
1430,141,2025-02-03,38800
1431,118,2025-01-28,1050
1432,143,2025-03-28,6000
1433,75,2025-01-03,5600
1434,30,2025-03-09,5700
1435,67,2025-03-22,1300
1436,138,2025-02-10,2100
1437,123,2025-02-25,33000
1438,55,2025-02-02,70200
1439,161,2025-03-10,36950
1440,4,2025-01-07,27800
1441,86,2025-02-03,5500
1442,27,2025-01-21,3100
1443,95,2025-01-16,500
1444,71,2025-02-25,7300
1445,97,2025-02-10,135000
1446,101,2025-03-19,700
1447,137,2025-02-23,33000
1448,170,2025-02-27,26000
1449,45,2025-01-22,106000
1450,133,2025-03-09,10600
1451,80,2025-01-26,8500
1452,150,2025-01-19,3600
1453,174,2025-01-21,3600
1454,47,2025-03-21,139400
1455,8,2025-02-17,226400
1456,126,2025-02-12,350
1457,91,2025-02-18,6100
1458,10,2025-01-02,58600
1459,45,2025-01-26,18200
1460,169,2025-01-20,2600
1461,157,2025-01-24,90000
1462,65,2025-01-04,135000
1463,118,2025-03-29,43600
1464,135,2025-01-07,29000
1465,140,2025-02-05,1100
1466,26,2025-01-12,4500
1467,26,2025-01-25,36800
1468,180,2025-01-31,3600
1469,60,2025-03-14,3600
1470,162,2025-03-18,2400
1471,174,2025-01-29,8800
1472,200,2025-03-29,9000
1473,83,2025-03-24,15350
1474,170,2025-02-05,1200
1475,149,2025-02-25,17900
1476,18,2025-01-08,33900
1477,41,2025-03-20,90500
1478,64,2025-03-20,24000
1479,29,2025-01-28,8000
1480,1,2025-01-04,14900
1481,200,2025-01-20,131600
1482,177,2025-01-28,2600
1483,146,2025-01-05,4400
1484,193,2025-01-03,136050
1485,100,2025-03-06,1800
1486,70,2025-01-13,216000
1487,27,2025-02-04,13600
1488,107,2025-01-24,3200
1489,187,2025-03-18,4000
1490,133,2025-01-06,1800
1491,197,2025-02-20,8900
1492,82,2025-03-29,2550
1493,57,2025-03-18,6600
1494,100,2025-03-01,97150
1495,131,2025-03-10,6100
1496,80,2025-01-31,271900
1497,118,2025-03-23,1050
1498,95,2025-03-28,45400
1499,66,2025-03-29,13900
1500,31,2025-02-06,166800
1501,45,2025-03-18,800
1502,60,2025-01-21,4400
1503,22,2025-02-13,6000
1504,165,2025-03-22,6100
1505,131,2025-02-13,7200
1506,181,2025-01-23,8200
1507,148,2025-02-13,6000
1508,157,2025-01-13,13200
1509,178,2025-01-04,3600
1510,105,2025-01-11,25500
1511,112,2025-01-08,139450
1512,131,2025-03-22,2200
1513,33,2025-02-22,1050
1514,36,2025-01-06,26250
1515,145,2025-03-02,14500
1516,103,2025-02-10,13900
1517,100,2025-01-13,11450
1518,165,2025-01-01,1050
1519,91,2025-03-26,14500
1520,84,2025-01-12,10900
1521,63,2025-01-18,15900
1522,40,2025-01-11,4500
1523,28,2025-01-31,400
1524,84,2025-03-12,16400
1525,198,2025-01-15,12500
1526,75,2025-01-01,5600
1527,69,2025-01-03,12400
1528,64,2025-03-02,1000
1529,192,2025-03-16,800
1530,9,2025-03-10,13750
1531,10,2025-03-01,26800
1532,164,2025-03-05,27700
1533,138,2025-01-26,2000
1534,62,2025-02-03,11450
1535,25,2025-02-22,29800
1536,176,2025-01-30,1450
1537,2,2025-03-01,6650
1538,140,2025-03-14,3000
1539,133,2025-02-06,8500
1540,153,2025-02-07,1200
1541,30,2025-02-11,1050
1542,122,2025-02-16,6600
1543,74,2025-02-06,4400
1544,33,2025-01-29,6100
1545,43,2025-01-17,6400
1546,58,2025-01-14,141000
1547,16,2025-02-16,5800
1548,123,2025-01-30,8800
1549,118,2025-02-04,9900
1550,36,2025-02-25,1200
1551,162,2025-01-02,400
1552,89,2025-03-15,3100
1553,5,2025-01-21,4850
1554,43,2025-02-25,24000
1555,86,2025-03-17,3100
1556,11,2025-02-02,3450
1557,161,2025-01-28,41100
1558,65,2025-03-23,2200
1559,6,2025-02-04,13200
1560,134,2025-02-04,159000
1561,125,2025-03-25,40500
1562,102,2025-02-13,42500
1563,113,2025-03-19,144000
1564,41,2025-02-03,3600
1565,1,2025-02-20,12800
1566,200,2025-01-15,90000
1567,177,2025-02-06,10300
1568,112,2025-01-04,3900
1569,186,2025-02-08,93900
1570,19,2025-02-19,94800
1571,151,2025-01-24,2700
1572,169,2025-02-13,45000
1573,111,2025-02-03,11100
1574,113,2025-03-28,40000
1575,161,2025-02-07,9000
1576,49,2025-02-11,700
1577,142,2025-01-21,2650
1578,94,2025-02-02,95200
1579,192,2025-03-30,1500
1580,180,2025-02-03,2250
1581,48,2025-02-07,3600
1582,162,2025-01-08,36400
1583,112,2025-03-20,1900
1584,15,2025-02-16,15800
1585,77,2025-03-14,137200
1586,66,2025-03-01,14400
1587,119,2025-02-06,140550
1588,159,2025-02-26,1900
1589,161,2025-02-08,12000
1590,56,2025-01-08,37000
1591,143,2025-03-11,47550
1592,103,2025-01-09,4500
1593,3,2025-01-10,1200
1594,166,2025-03-16,1050
1595,34,2025-01-15,42800
1596,54,2025-03-06,1200
1597,188,2025-02-22,2900
1598,170,2025-01-17,5300
1599,168,2025-01-02,12000
1600,25,2025-01-02,6000
1601,123,2025-01-04,28500
1602,178,2025-03-19,4950
1603,5,2025-01-16,172550
1604,110,2025-03-03,99200
1605,106,2025-02-25,12000
1606,76,2025-01-04,1500
1607,186,2025-01-13,4300
1608,26,2025-02-20,97400
1609,116,2025-02-20,6800
1610,92,2025-02-01,96350
1611,19,2025-03-05,45000
1612,152,2025-03-05,700
1613,71,2025-03-19,4400
1614,61,2025-02-15,90500
1615,7,2025-03-22,4500
1616,35,2025-02-10,100050
1617,113,2025-03-23,3100
1618,150,2025-01-17,39000
1619,71,2025-02-01,1400
1620,76,2025-03-24,1600
1621,70,2025-02-20,9600
1622,34,2025-02-17,3000
1623,180,2025-02-03,1400
1624,23,2025-01-22,100450
1625,162,2025-01-25,5400
1626,177,2025-03-05,59400
1627,46,2025-03-01,5900
1628,37,2025-03-21,4500
1629,195,2025-01-24,1200
1630,169,2025-03-14,12000
1631,145,2025-02-23,50200
1632,178,2025-03-02,2800
1633,127,2025-03-18,13000
1634,110,2025-02-21,27600
1635,173,2025-01-24,26550
1636,95,2025-02-18,1450
1637,57,2025-03-15,6250
1638,66,2025-01-09,3200
1639,191,2025-03-09,8050
1640,109,2025-03-02,6600
1641,58,2025-01-02,4500
1642,134,2025-02-11,13200
1643,199,2025-02-23,500
1644,32,2025-03-06,49750
1645,141,2025-01-21,4500
1646,90,2025-01-07,5400
1647,128,2025-02-25,1850
1648,10,2025-01-19,95400
1649,104,2025-03-22,11000
1650,23,2025-01-29,2300
1651,59,2025-01-03,25500
1652,166,2025-01-23,1200
1653,128,2025-01-26,14000
1654,162,2025-01-22,51000
1655,182,2025-03-02,90000
1656,82,2025-03-29,39600
1657,132,2025-01-14,700
1658,92,2025-01-19,16500
1659,40,2025-03-17,6600
1660,70,2025-02-13,5900
1661,34,2025-02-28,3000
1662,172,2025-02-04,3900
1663,83,2025-01-29,4300
1664,34,2025-01-12,11800
1665,190,2025-01-03,1600
1666,45,2025-02-20,2200
1667,23,2025-01-19,9000
1668,196,2025-03-16,5850
1669,162,2025-01-01,12200
1670,3,2025-03-30,17600
1671,166,2025-02-21,11250
1672,134,2025-02-25,96800
1673,143,2025-02-18,3000
1674,100,2025-03-17,4400
1675,101,2025-03-25,10600
1676,114,2025-02-01,95200
1677,137,2025-01-18,90350
1678,155,2025-03-05,1200
1679,62,2025-03-31,104450
1680,101,2025-03-19,28650
1681,56,2025-02-26,800
1682,19,2025-01-22,8400
1683,118,2025-03-26,4900
1684,128,2025-03-06,4650
1685,119,2025-02-04,13300
1686,167,2025-03-08,2400
1687,11,2025-03-10,146800
1688,63,2025-03-25,4500
1689,29,2025-01-19,1200
1690,155,2025-01-12,48700
1691,106,2025-03-12,1200
1692,93,2025-01-11,14100
1693,149,2025-03-21,40400
1694,124,2025-03-10,8300
1695,180,2025-03-13,1200
1696,141,2025-03-25,135000
1697,151,2025-01-18,39900
1698,48,2025-01-17,24000
1699,176,2025-03-06,5550
1700,140,2025-01-02,5850
1701,3,2025-03-20,12400
1702,160,2025-01-16,2900
1703,32,2025-02-19,63000
1704,52,2025-03-17,44550
1705,10,2025-02-05,5550
1706,62,2025-01-09,7500
1707,154,2025-03-01,8000
1708,63,2025-02-05,6250
1709,155,2025-02-16,21400
1710,31,2025-01-17,14400
1711,153,2025-01-23,24800
1712,20,2025-01-24,27600
1713,106,2025-03-05,11800
1714,6,2025-01-04,2400
1715,191,2025-02-27,3900
1716,3,2025-02-04,800
1717,4,2025-02-24,37000
1718,20,2025-03-31,92400
1719,151,2025-02-09,25200
1720,185,2025-01-30,46500
1721,118,2025-01-04,12950
1722,181,2025-02-08,2700
1723,195,2025-02-24,138000
1724,71,2025-01-21,25200
1725,150,2025-02-22,90500
1726,200,2025-01-02,144900
1727,143,2025-01-24,15900
1728,55,2025-03-29,800
1729,19,2025-03-23,25000
1730,24,2025-03-21,7600
1731,38,2025-01-05,4400
1732,120,2025-02-22,36700
1733,100,2025-03-08,3600
1734,152,2025-02-26,136050
1735,168,2025-01-29,100500
1736,33,2025-02-09,42200
1737,80,2025-02-24,39600
1738,147,2025-03-06,6600
1739,153,2025-01-11,15100
1740,50,2025-02-25,55500
1741,124,2025-03-31,51800
1742,173,2025-03-20,15100
1743,61,2025-03-06,10400
1744,154,2025-02-16,52400
1745,50,2025-03-04,1600
1746,71,2025-03-15,6000
1747,164,2025-01-25,49250
1748,53,2025-03-25,36000
1749,146,2025-01-10,136200
1750,43,2025-02-21,12700
1751,106,2025-03-21,4700
1752,152,2025-01-31,2400
1753,103,2025-02-05,180000
1754,60,2025-03-15,3600
1755,188,2025-01-09,5850
1756,150,2025-03-25,400
1757,58,2025-02-17,141600
1758,153,2025-01-20,1200
1759,134,2025-03-25,78000
1760,186,2025-03-19,18000
1761,61,2025-03-19,3400
1762,143,2025-02-05,92200
1763,79,2025-01-02,9000
1764,183,2025-01-17,350
1765,142,2025-03-01,12000
1766,45,2025-02-02,5600
1767,126,2025-03-30,13600
1768,50,2025-01-03,37200
1769,104,2025-02-12,49500
1770,72,2025-03-19,8200
1771,8,2025-01-10,5050
1772,95,2025-01-23,6000
1773,108,2025-03-26,138800
1774,17,2025-02-26,138400
1775,121,2025-03-25,9000
1776,83,2025-03-13,2200
1777,147,2025-03-22,27100
1778,97,2025-01-23,1550
1779,138,2025-01-16,15600
1780,104,2025-02-01,2400
1781,63,2025-01-12,51000
1782,44,2025-02-19,9600
1783,194,2025-02-15,11300
1784,113,2025-01-03,350
1785,47,2025-02-09,1000
1786,187,2025-01-09,4750
1787,34,2025-01-14,14900
1788,188,2025-01-28,36000
1789,141,2025-03-09,36350
1790,86,2025-02-04,3000
1791,76,2025-03-01,6800
1792,136,2025-03-17,5600
1793,170,2025-03-26,4500
1794,3,2025-01-30,46000
1795,101,2025-01-08,500
1796,69,2025-02-23,172500
1797,157,2025-02-19,25400
1798,192,2025-02-28,6400
1799,122,2025-01-20,5800
1800,93,2025-03-02,26550
1801,37,2025-01-15,6900
1802,92,2025-02-09,96000
1803,148,2025-01-04,9200
1804,14,2025-02-09,5650
1805,56,2025-02-28,138700
1806,155,2025-03-13,28950
1807,198,2025-01-09,47400
1808,45,2025-03-27,49000
1809,38,2025-01-10,40000
1810,185,2025-03-01,26200
1811,191,2025-03-09,92700
1812,104,2025-03-26,162400
1813,136,2025-01-14,7900
1814,57,2025-02-13,16000
1815,124,2025-01-16,90850
1816,151,2025-02-17,34400
1817,116,2025-03-20,5700
1818,51,2025-03-19,4000
1819,82,2025-03-13,26400
1820,13,2025-03-24,6350
1821,158,2025-01-29,1800
1822,125,2025-03-06,8000
1823,73,2025-02-09,7000
1824,72,2025-01-08,3000
1825,78,2025-03-05,4000
1826,116,2025-02-03,15000
1827,77,2025-02-08,5150
1828,99,2025-03-02,2400
1829,139,2025-03-01,1000
1830,166,2025-01-04,1200
1831,91,2025-02-27,4200
1832,110,2025-03-23,4500
1833,81,2025-01-30,800
1834,14,2025-02-27,7900
1835,198,2025-01-13,9900
1836,132,2025-01-21,101350
1837,177,2025-03-30,2300
1838,12,2025-01-04,126000
1839,29,2025-02-22,4900
1840,196,2025-03-06,12000
1841,54,2025-01-22,21400
1842,39,2025-02-07,7650
1843,165,2025-01-07,51600
1844,137,2025-01-24,1200
1845,68,2025-03-08,2400
1846,181,2025-01-16,39700
1847,34,2025-01-10,50100
1848,135,2025-03-03,1400
1849,26,2025-01-14,5700
1850,199,2025-01-15,1850
1851,147,2025-03-17,700
1852,199,2025-01-28,25600
1853,176,2025-01-17,49600
1854,48,2025-01-01,226050
1855,150,2025-03-09,19200
1856,43,2025-03-01,160200
1857,155,2025-02-17,1050
1858,181,2025-03-25,38250
1859,137,2025-03-23,3600
1860,48,2025-01-12,7600
1861,116,2025-01-23,90000
1862,35,2025-03-06,800
1863,171,2025-03-27,9600
1864,90,2025-01-12,92400
1865,134,2025-02-14,5300
1866,196,2025-03-19,400
1867,58,2025-02-24,3600
1868,197,2025-01-03,4500
1869,192,2025-02-18,5650
1870,182,2025-03-14,50150
1871,67,2025-01-30,15000
1872,175,2025-02-13,6600
1873,75,2025-02-03,700
1874,91,2025-01-02,95100
1875,21,2025-03-14,4600
1876,89,2025-03-15,7350
1877,164,2025-01-17,56100
1878,199,2025-02-16,3400
1879,47,2025-03-08,39800
1880,139,2025-03-18,12000
1881,86,2025-03-10,7800
1882,176,2025-03-21,700
1883,131,2025-03-16,6100
1884,158,2025-01-24,5850
1885,14,2025-01-05,1900
1886,144,2025-02-10,1850
1887,76,2025-01-22,1450
1888,200,2025-02-08,2200
1889,77,2025-03-08,400
1890,138,2025-03-11,36800
1891,21,2025-03-22,13400
1892,189,2025-01-31,128550
1893,40,2025-03-30,2750
1894,81,2025-01-02,5800
1895,1,2025-03-05,9000
1896,198,2025-02-24,4200
1897,39,2025-01-11,10900
1898,175,2025-01-01,49500
1899,96,2025-03-16,4500
1900,53,2025-01-21,500
1901,41,2025-03-12,1500
1902,80,2025-02-04,13200
1903,164,2025-03-04,4400
1904,193,2025-03-22,37500
1905,157,2025-01-14,24700
1906,91,2025-01-06,700
1907,191,2025-01-27,7400
1908,33,2025-03-11,129000
1909,170,2025-03-27,4900
1910,162,2025-02-05,91850
1911,75,2025-01-19,6000
1912,56,2025-03-21,3000
1913,197,2025-03-07,6600
1914,122,2025-03-02,9150
1915,132,2025-01-17,9000
1916,178,2025-03-18,220400
1917,112,2025-02-12,2250
1918,66,2025-01-24,93000
1919,157,2025-01-31,3000
1920,5,2025-03-18,141800
1921,85,2025-01-13,7400
1922,124,2025-01-14,90000
1923,72,2025-01-01,350
1924,52,2025-01-27,3000
1925,198,2025-01-23,6700
1926,94,2025-01-20,6200
1927,67,2025-03-17,5850
1928,80,2025-03-22,104400
1929,151,2025-03-11,1750
1930,61,2025-03-11,400
1931,124,2025-01-22,500
1932,169,2025-02-21,9700
1933,38,2025-03-25,147000
1934,55,2025-03-22,48000
1935,117,2025-01-15,12100
1936,182,2025-03-19,25200
1937,155,2025-01-28,1600
1938,75,2025-01-15,5900
1939,141,2025-02-20,400
1940,122,2025-02-13,46500
1941,60,2025-03-23,51000
1942,57,2025-01-25,13200
1943,76,2025-01-21,4500
1944,112,2025-03-01,2900
1945,194,2025-02-27,29400
1946,138,2025-03-01,6950
1947,180,2025-03-08,180800
1948,36,2025-03-04,14250
1949,70,2025-02-06,8450
1950,187,2025-03-06,32450
1951,32,2025-01-29,4600
1952,72,2025-01-10,41550
1953,37,2025-03-28,10900
1954,183,2025-03-07,2750
1955,31,2025-03-09,35200
1956,167,2025-01-09,14900
1957,39,2025-01-05,1600
1958,176,2025-03-31,6600
1959,164,2025-02-03,7400
1960,3,2025-02-07,20200
1961,138,2025-03-25,81900
1962,191,2025-01-27,4500
1963,30,2025-03-23,5300
1964,58,2025-01-04,3500
1965,12,2025-03-01,500
1966,32,2025-02-22,105100
1967,27,2025-03-28,234500
1968,169,2025-02-10,21800
1969,122,2025-01-12,45000
1970,120,2025-01-09,14000
1971,195,2025-02-01,3400
1972,110,2025-02-16,96000
1973,70,2025-01-26,96000
1974,171,2025-03-23,36800
1975,170,2025-03-04,13400
1976,82,2025-01-24,54800
1977,72,2025-02-09,45000
1978,152,2025-01-27,700
1979,99,2025-03-21,800
1980,139,2025-03-25,4400
1981,7,2025-02-19,1200
1982,31,2025-01-13,8300
1983,17,2025-02-27,13000
1984,183,2025-01-29,5700
1985,63,2025-02-02,3900
1986,199,2025-03-29,9750
1987,24,2025-02-07,15100
1988,7,2025-03-13,5900
1989,112,2025-03-10,5000
1990,154,2025-03-16,17100
1991,178,2025-02-06,3100
1992,18,2025-03-17,7500
1993,55,2025-01-27,1850
1994,69,2025-01-09,2200
1995,128,2025-01-02,800
1996,55,2025-01-27,126700
1997,156,2025-01-14,90000
1998,67,2025-03-26,6600
1999,74,2025-03-07,14600
2000,30,2025-03-31,3000
2001,185,2025-03-16,4500
2002,83,2025-01-27,93600
2003,123,2025-01-17,5800
2004,18,2025-03-02,8400
2005,160,2025-02-13,93600
2006,137,2025-01-18,800
2007,161,2025-02-19,2400
2008,189,2025-01-02,9700
2009,152,2025-01-23,9500
2010,114,2025-02-22,500
2011,120,2025-03-17,148500
2012,126,2025-03-05,10800
2013,138,2025-02-02,12000
2014,132,2025-02-24,6400
2015,30,2025-01-05,181000
2016,40,2025-01-07,2200
2017,111,2025-01-04,3000
2018,192,2025-03-02,400
2019,121,2025-03-01,1200
2020,147,2025-01-27,142950
2021,43,2025-01-16,4500
2022,61,2025-02-24,1200
2023,84,2025-02-24,3700
2024,123,2025-01-23,6600
2025,120,2025-01-01,5800
2026,2,2025-01-31,33600
2027,152,2025-03-10,2750
2028,195,2025-01-29,1200
2029,74,2025-02-27,11800
2030,149,2025-01-10,136200
2031,136,2025-03-02,16100
2032,81,2025-02-28,61500
2033,56,2025-01-27,7600
2034,32,2025-02-22,40600
2035,173,2025-01-09,136500
2036,67,2025-01-29,1500
2037,96,2025-02-22,8200
2038,146,2025-03-13,106200
2039,182,2025-03-29,5200
2040,144,2025-02-28,3000
2041,156,2025-03-07,7200
2042,98,2025-02-15,3200
2043,63,2025-01-04,4600
2044,187,2025-03-26,7300
2045,123,2025-01-06,27350
2046,74,2025-02-06,47000
2047,172,2025-03-27,37300
2048,198,2025-03-21,8800
2049,152,2025-03-03,1200
2050,29,2025-03-07,98100
2051,186,2025-03-08,14800
2052,168,2025-03-13,8500
2053,6,2025-03-12,141600
2054,182,2025-03-23,45700
2055,132,2025-03-09,9000
2056,23,2025-03-23,4500
2057,97,2025-01-13,3000
2058,50,2025-03-21,5700
2059,94,2025-01-20,27000
2060,162,2025-01-11,13500
2061,171,2025-02-24,142400
2062,121,2025-03-11,2400
2063,53,2025-03-19,3950
2064,142,2025-02-09,2200
2065,192,2025-03-16,12400
2066,78,2025-01-18,7400
2067,172,2025-02-08,5000
2068,190,2025-01-07,42200
2069,17,2025-01-11,40050
2070,60,2025-03-18,48000
2071,125,2025-03-12,10850
2072,112,2025-03-26,36200
2073,126,2025-01-18,135800
2074,89,2025-03-03,700
2075,101,2025-02-01,4100
2076,2,2025-01-21,92000
2077,2,2025-02-03,90000
2078,109,2025-02-25,183000
2079,79,2025-02-24,4500
2080,167,2025-02-09,4200
2081,174,2025-03-29,6950
2082,60,2025-01-29,226550
2083,191,2025-03-30,3500
2084,115,2025-02-20,2400
2085,163,2025-01-25,85500
2086,102,2025-01-29,7400
2087,15,2025-01-19,93000
2088,124,2025-01-20,24000
2089,183,2025-03-11,3000
2090,141,2025-01-18,6700
2091,198,2025-03-18,12000
2092,143,2025-03-17,43200
2093,129,2025-01-25,500
2094,94,2025-03-10,48000
2095,87,2025-03-04,15600
2096,126,2025-01-19,2250
2097,21,2025-01-05,11900
2098,30,2025-03-20,137000
2099,66,2025-01-03,36350
2100,188,2025-03-28,3600
2101,102,2025-03-21,139400
2102,36,2025-03-30,2400
2103,126,2025-01-30,7200
2104,168,2025-01-07,6000
2105,127,2025-01-22,26400
2106,12,2025-01-07,1000
2107,99,2025-03-11,216800
2108,147,2025-01-26,9000
2109,174,2025-02-27,15400
2110,38,2025-03-01,225000
2111,200,2025-01-06,5450
2112,113,2025-03-12,1200
2113,18,2025-01-02,36000
2114,117,2025-03-05,2400
2115,100,2025-02-28,800
2116,1,2025-03-03,47400
2117,135,2025-03-02,14400
2118,148,2025-03-31,6400
2119,64,2025-03-29,144000
2120,158,2025-01-12,8800
2121,152,2025-01-04,90500
2122,24,2025-01-19,135000
2123,66,2025-03-17,51800
2124,37,2025-02-16,14100
2125,2,2025-03-10,2000
2126,194,2025-02-17,2000
2127,154,2025-01-11,137200
2128,94,2025-03-16,4800
2129,32,2025-02-22,4500
2130,27,2025-01-05,126350
2131,167,2025-03-31,1600
2132,190,2025-03-03,7800
2133,180,2025-03-07,6700
2134,66,2025-01-30,135800
2135,180,2025-01-17,16450
2136,169,2025-03-27,27000
2137,26,2025-03-11,26400
2138,147,2025-01-24,4500
2139,112,2025-02-04,135000
2140,71,2025-02-02,6600
2141,155,2025-01-12,39400
2142,65,2025-02-10,9250
2143,132,2025-03-19,4800
2144,71,2025-01-15,5950
2145,132,2025-03-22,6300
2146,133,2025-01-03,46200
2147,196,2025-02-03,9400
2148,30,2025-03-18,19600
2149,110,2025-03-25,12800
2150,93,2025-01-18,137400
2151,112,2025-02-15,7400
2152,81,2025-02-24,17800
2153,109,2025-02-04,159000
2154,77,2025-01-16,2200
2155,169,2025-01-27,135000
2156,44,2025-01-21,1050
2157,42,2025-01-12,10500
2158,161,2025-01-06,57000
2159,9,2025-01-17,96000
2160,5,2025-03-12,117700
2161,115,2025-01-21,6000
2162,43,2025-01-10,3900
2163,90,2025-02-01,16750
2164,74,2025-01-08,3750
2165,190,2025-01-23,4050
2166,170,2025-02-07,24000
2167,135,2025-01-22,2400
2168,15,2025-02-16,84400
2169,144,2025-03-19,10400
2170,188,2025-03-16,182900
2171,105,2025-01-11,7500
2172,12,2025-03-02,2000
2173,182,2025-03-23,30400
2174,70,2025-03-11,3900
2175,111,2025-03-01,3900
2176,190,2025-03-20,800
2177,26,2025-02-06,234000
2178,13,2025-03-12,139100
2179,14,2025-03-23,78000
2180,45,2025-02-08,24000
2181,65,2025-02-03,28500
2182,22,2025-01-14,95700
2183,149,2025-03-16,20300
2184,16,2025-01-13,2400
2185,53,2025-01-10,13200
2186,31,2025-01-10,12100
2187,136,2025-01-21,120000
2188,165,2025-03-29,1050
2189,93,2025-03-07,81000
2190,104,2025-01-03,96600
2191,173,2025-03-10,800
2192,58,2025-02-22,39000
2193,94,2025-03-16,13300
2194,161,2025-01-27,16400
2195,4,2025-02-09,40500
2196,33,2025-03-10,12800
2197,16,2025-01-28,90000
2198,65,2025-02-01,15750
2199,63,2025-01-28,8650
2200,81,2025-02-15,2500
2201,97,2025-02-09,118900
2202,105,2025-02-04,5900
2203,186,2025-03-18,11900
2204,35,2025-03-28,5450
2205,187,2025-01-15,2050
2206,59,2025-03-12,1000
2207,151,2025-02-26,1900
2208,8,2025-02-11,90000
2209,31,2025-03-30,3900
2210,50,2025-01-22,1500
2211,78,2025-03-10,93800
2212,72,2025-02-07,9200
2213,45,2025-02-08,14900
2214,27,2025-01-06,1050
2215,38,2025-02-23,3000
2216,111,2025-01-18,400
2217,80,2025-01-01,8500
2218,59,2025-03-22,47400
2219,80,2025-01-09,9400
2220,92,2025-03-28,8100
2221,80,2025-03-26,3000
2222,16,2025-03-01,24800
2223,127,2025-01-02,36500
2224,110,2025-01-26,3000
2225,124,2025-03-09,800
2226,198,2025-01-25,1200
2227,60,2025-03-10,47800
2228,138,2025-02-05,6300
2229,109,2025-01-08,135000
2230,89,2025-02-28,47400
2231,102,2025-01-14,2700
2232,69,2025-02-13,6400
2233,187,2025-02-11,14050
2234,46,2025-03-14,141000
2235,116,2025-03-07,98500
2236,155,2025-01-21,139500
2237,45,2025-03-09,99000
2238,159,2025-01-10,96700
2239,80,2025-01-11,1200
2240,139,2025-02-12,9600
2241,178,2025-01-17,94400
2242,152,2025-03-01,5400
2243,47,2025-03-15,1200
2244,42,2025-03-27,400
2245,65,2025-03-15,58500
2246,2,2025-01-16,12350
2247,189,2025-01-25,48600
2248,155,2025-03-16,3350
2249,131,2025-03-23,9600
2250,143,2025-02-24,4300
2251,79,2025-03-28,1600
2252,57,2025-01-14,1200
2253,78,2025-03-21,17900
2254,26,2025-03-31,400
2255,183,2025-03-09,5700
2256,57,2025-01-13,142400
2257,135,2025-01-22,45350
2258,81,2025-01-27,147700
2259,115,2025-02-09,3100
2260,43,2025-01-22,800
2261,193,2025-03-18,8200
2262,54,2025-01-20,150500
2263,8,2025-01-21,92400
2264,65,2025-03-09,5600
2265,65,2025-02-27,3000
2266,99,2025-03-28,7050
2267,195,2025-03-28,2900
2268,103,2025-01-04,3600
2269,189,2025-03-21,8900
2270,161,2025-02-11,94300
2271,191,2025-02-16,139400
2272,158,2025-01-25,1000
2273,111,2025-03-01,15000
2274,196,2025-02-26,1500
2275,149,2025-02-27,6850
2276,176,2025-03-29,60000
2277,48,2025-02-25,350
2278,26,2025-01-10,142900
2279,66,2025-03-23,36000
2280,103,2025-02-08,2650
2281,7,2025-01-09,3200
2282,111,2025-02-22,8200
2283,112,2025-01-30,4400
2284,16,2025-03-27,4000
2285,106,2025-02-15,52600
2286,25,2025-03-26,94100
2287,113,2025-01-07,149400
2288,102,2025-03-04,3000
2289,94,2025-03-20,1500
2290,150,2025-01-02,39200
2291,11,2025-03-31,91500
2292,142,2025-01-18,142100
2293,127,2025-03-14,18200
2294,113,2025-03-28,47200
2295,28,2025-02-02,38900
2296,27,2025-03-13,5400
2297,95,2025-01-19,9150
2298,129,2025-01-01,90000
2299,146,2025-03-17,7400
2300,123,2025-03-12,45000
2301,17,2025-01-04,10500
2302,82,2025-03-22,2300
2303,39,2025-02-15,3200
2304,41,2025-03-24,48000
2305,89,2025-03-30,45800
2306,32,2025-02-18,3000
2307,96,2025-03-08,15600
2308,73,2025-01-12,6600
2309,24,2025-03-09,6200
2310,198,2025-01-22,12600
2311,41,2025-01-12,64600
2312,122,2025-02-17,6000
2313,60,2025-02-16,2200
2314,60,2025-03-17,1500
2315,68,2025-01-15,1500
2316,132,2025-03-22,27000
2317,91,2025-02-04,27350
2318,79,2025-03-14,1600
2319,135,2025-03-30,5000
2320,151,2025-02-22,15600
2321,199,2025-03-04,1200
2322,78,2025-01-12,7300
2323,46,2025-03-03,5550
2324,108,2025-02-25,2000
2325,82,2025-03-23,8550
2326,73,2025-03-21,18600
2327,122,2025-01-31,2800
2328,120,2025-01-08,185400
2329,154,2025-01-05,1600
2330,7,2025-03-11,6950
2331,40,2025-03-02,2750
2332,61,2025-02-13,25150
2333,64,2025-03-24,3600
2334,54,2025-02-07,800
2335,35,2025-02-09,136200
2336,62,2025-02-07,81000
2337,109,2025-03-24,2400
2338,12,2025-03-05,91200
2339,151,2025-02-18,2600
2340,2,2025-02-20,3800
2341,56,2025-03-04,4000
2342,192,2025-01-24,37700
2343,145,2025-03-12,6600
2344,48,2025-01-06,5600
2345,124,2025-03-20,3600
2346,141,2025-01-17,3000
2347,88,2025-03-16,94750
2348,179,2025-01-04,9000
2349,192,2025-03-05,11700
2350,38,2025-02-15,60000
2351,116,2025-01-13,1500
2352,139,2025-03-13,2400
2353,179,2025-02-15,3000
2354,61,2025-01-13,2700
2355,134,2025-02-15,4200
2356,25,2025-03-31,17300
2357,79,2025-01-24,1200
2358,187,2025-02-22,3000
2359,180,2025-02-21,28500
2360,78,2025-02-05,2400
2361,43,2025-03-18,13000
2362,24,2025-02-28,90000
2363,100,2025-02-01,137250
2364,151,2025-03-16,6800
2365,65,2025-02-22,140100
2366,132,2025-01-21,45000
2367,54,2025-01-27,7400
2368,184,2025-01-13,15000
2369,59,2025-02-10,115500
2370,140,2025-02-17,96600
2371,10,2025-01-11,135000
2372,119,2025-01-05,13600
2373,139,2025-02-26,4500
2374,38,2025-01-02,20100
2375,154,2025-02-28,750
2376,26,2025-02-15,26650
2377,179,2025-01-02,7500
2378,133,2025-01-01,6000
2379,103,2025-01-24,9000
2380,182,2025-01-07,6600
2381,135,2025-01-09,2400
2382,160,2025-03-15,45000
2383,13,2025-03-21,1500
2384,189,2025-03-19,24000
2385,10,2025-03-08,5700
2386,20,2025-01-22,25750
2387,60,2025-01-30,17600
2388,90,2025-02-08,800
2389,140,2025-01-29,4600
2390,103,2025-03-02,7050
2391,156,2025-01-19,3600
2392,163,2025-03-05,75600
2393,34,2025-01-24,52800
2394,169,2025-02-15,45000
2395,129,2025-03-31,16000
2396,56,2025-01-14,57600
2397,4,2025-03-13,3450
2398,5,2025-02-08,47800
2399,167,2025-02-24,9500
2400,30,2025-02-25,10150
2401,143,2025-03-22,18800
2402,151,2025-03-23,11100
2403,98,2025-01-26,14800
2404,197,2025-01-26,1200
2405,32,2025-02-01,2200
2406,131,2025-02-19,2800
2407,181,2025-03-10,3700
2408,10,2025-02-08,31000
2409,106,2025-01-11,2500
2410,52,2025-01-31,7600
2411,88,2025-01-14,7750
2412,83,2025-02-25,2800
2413,54,2025-02-09,31700
2414,8,2025-03-01,32200
2415,200,2025-03-01,2050
2416,143,2025-01-09,2400
2417,129,2025-03-26,4450
2418,200,2025-03-12,8000
2419,64,2025-03-08,24000
2420,92,2025-03-16,5200
2421,89,2025-03-13,6800
2422,57,2025-03-08,135000
2423,59,2025-01-19,4000
2424,40,2025-03-22,900
2425,112,2025-03-24,186800
2426,130,2025-01-01,40050
2427,88,2025-02-02,51400
2428,20,2025-03-11,350
2429,119,2025-03-06,9200
2430,132,2025-01-23,2200
2431,173,2025-03-01,700
2432,175,2025-02-08,45000
2433,129,2025-02-03,4950
2434,112,2025-01-18,1050
2435,50,2025-02-11,1500
2436,102,2025-02-21,37600
2437,165,2025-03-05,42000
2438,152,2025-03-14,7500
2439,22,2025-02-12,4250
2440,81,2025-02-17,400
2441,59,2025-02-02,6900
2442,72,2025-03-25,4000
2443,103,2025-02-07,2200
2444,175,2025-02-23,6800
2445,16,2025-01-26,12000
2446,30,2025-03-06,4400
2447,138,2025-01-06,91000
2448,91,2025-02-20,20250
2449,68,2025-03-31,42600
2450,76,2025-01-11,6600
2451,54,2025-03-29,138350
2452,104,2025-03-30,2200
2453,184,2025-03-20,90800
2454,6,2025-01-03,96500
2455,112,2025-03-01,2400
2456,87,2025-02-15,12700
2457,116,2025-01-31,2500
2458,71,2025-02-15,49400
2459,28,2025-03-14,10000
2460,81,2025-03-20,2400
2461,44,2025-02-04,36200
2462,90,2025-02-26,12000
2463,43,2025-03-14,15000
2464,19,2025-03-05,26000
2465,37,2025-01-31,24350
2466,129,2025-02-28,11800
2467,82,2025-02-28,37500
2468,132,2025-01-19,12400
2469,100,2025-02-13,26800
2470,141,2025-02-14,9900
2471,124,2025-03-05,1800
2472,57,2025-01-28,4800
2473,95,2025-02-22,7600
2474,37,2025-01-26,5400
2475,94,2025-01-18,800
2476,93,2025-03-04,2200
2477,14,2025-03-22,11100
2478,141,2025-01-01,102600
2479,11,2025-02-18,500
2480,47,2025-02-23,47000
2481,36,2025-02-04,4500
2482,68,2025-01-12,185900
2483,12,2025-01-01,261000
2484,108,2025-01-30,8800
2485,49,2025-03-21,91000
2486,110,2025-03-31,30500
2487,93,2025-01-11,800
2488,71,2025-02-07,100500
2489,161,2025-01-19,2400
2490,83,2025-02-06,9000
2491,19,2025-03-28,7250
2492,149,2025-01-12,12200
2493,161,2025-01-16,800
2494,198,2025-03-16,147800
2495,76,2025-02-27,16400
2496,52,2025-01-16,800
2497,121,2025-02-03,49400
2498,31,2025-02-10,1900
2499,13,2025-01-21,500
2500,64,2025-01-14,49850
2501,31,2025-03-19,16250
2502,116,2025-03-18,1050
2503,178,2025-02-21,272000
2504,186,2025-01-28,4900
2505,131,2025-02-13,4800
2506,70,2025-01-31,4200
2507,92,2025-03-15,180750
2508,49,2025-02-04,9300
2509,72,2025-02-18,1050
2510,14,2025-01-06,3200
2511,21,2025-01-18,2650
2512,131,2025-03-14,3800
2513,87,2025-01-12,18900
2514,69,2025-03-25,4350
2515,104,2025-03-07,36000
2516,125,2025-03-03,23200
2517,193,2025-03-28,94050
2518,17,2025-01-15,2200
2519,119,2025-03-17,90000
2520,182,2025-01-31,7800
2521,166,2025-01-09,4700
2522,184,2025-02-12,95900
2523,53,2025-01-09,71650
2524,17,2025-03-05,13600
2525,76,2025-03-15,45000
2526,156,2025-03-14,13500
2527,54,2025-02-05,145500
2528,17,2025-02-10,22000
2529,100,2025-03-07,5200
2530,114,2025-03-02,6600
2531,176,2025-02-16,95400
2532,46,2025-02-15,52200
2533,75,2025-03-20,12000
2534,72,2025-03-22,90000
2535,134,2025-01-31,11400
2536,123,2025-01-28,46050
2537,53,2025-02-18,37300
2538,10,2025-02-08,31050
2539,1,2025-01-08,16000
2540,151,2025-02-14,4500
2541,101,2025-01-20,126000
2542,149,2025-01-02,9050
2543,114,2025-02-18,7700
2544,30,2025-02-01,8300
2545,106,2025-03-31,91600
2546,152,2025-01-30,9200
2547,138,2025-01-09,6600
2548,180,2025-01-21,4500
2549,126,2025-02-17,24000
2550,187,2025-02-01,1200
2551,147,2025-03-28,7150
2552,191,2025-01-06,135800
2553,33,2025-02-18,13600
2554,65,2025-01-29,92600
2555,194,2025-03-27,54600
2556,45,2025-02-20,1500
2557,5,2025-01-06,8200
2558,165,2025-01-18,6200
2559,158,2025-01-09,9000
2560,77,2025-03-03,2100
2561,95,2025-01-16,91000
2562,16,2025-03-23,95100
2563,54,2025-03-10,9900
2564,116,2025-01-12,2550
2565,113,2025-01-02,3500
2566,174,2025-02-15,800
2567,115,2025-01-09,6600
2568,71,2025-03-19,1500
2569,162,2025-03-30,9000
2570,136,2025-02-20,141100
2571,60,2025-03-08,2800
2572,88,2025-02-05,46300
2573,105,2025-03-26,3200
2574,190,2025-01-16,94750
2575,85,2025-01-31,4050
2576,23,2025-03-30,13500
2577,32,2025-02-24,6600
2578,184,2025-01-01,24000
2579,66,2025-02-11,31800
2580,137,2025-01-04,53400
2581,118,2025-01-10,12800
2582,153,2025-01-14,4000
2583,23,2025-03-31,37500
2584,186,2025-01-25,8250
2585,11,2025-03-22,350
2586,36,2025-01-25,138000
2587,38,2025-01-17,4800
2588,90,2025-03-06,9200
2589,91,2025-01-19,138350
2590,67,2025-01-03,3200
2591,136,2025-02-16,164450
2592,140,2025-01-15,135000
2593,73,2025-02-09,41650
2594,115,2025-01-21,135000
2595,155,2025-02-14,225000
2596,57,2025-03-19,700
2597,31,2025-03-23,3000
2598,95,2025-02-25,148500
2599,184,2025-01-29,93000
2600,34,2025-03-04,93100
2601,178,2025-02-19,3000
2602,179,2025-01-23,15400
2603,80,2025-03-05,12000
2604,44,2025-03-04,9000
2605,45,2025-03-14,4450
2606,196,2025-03-06,11300
2607,138,2025-03-18,94200
2608,123,2025-02-20,2400
2609,136,2025-03-08,10000
2610,145,2025-01-11,3700
2611,127,2025-01-27,7500
2612,165,2025-02-04,2200
2613,66,2025-02-24,1050
2614,152,2025-03-23,12600
2615,122,2025-03-06,2000
2616,121,2025-01-28,2300
2617,171,2025-01-10,7200
2618,56,2025-02-19,9050
2619,106,2025-02-14,18300
2620,143,2025-02-26,6600
2621,74,2025-02-18,9000
2622,81,2025-02-20,177000
2623,94,2025-01-18,8600
2624,40,2025-01-21,400
2625,33,2025-01-13,17200
2626,115,2025-02-14,24000
2627,25,2025-01-08,8600
2628,184,2025-01-26,1850
2629,73,2025-01-17,400
2630,1,2025-03-27,3200
2631,120,2025-03-27,6000
2632,113,2025-02-14,92200
2633,61,2025-03-09,24000
2634,21,2025-01-04,1200
2635,79,2025-03-26,4400
2636,71,2025-03-14,2400
2637,30,2025-02-03,4400
2638,11,2025-02-23,11800
2639,174,2025-01-22,6600
2640,118,2025-02-14,10600
2641,141,2025-03-16,271350
2642,98,2025-02-17,2400
2643,80,2025-03-22,40500
2644,35,2025-02-12,141800
2645,179,2025-03-15,2400
2646,165,2025-01-24,4500
2647,42,2025-02-05,8800
2648,138,2025-03-09,37300
2649,27,2025-01-17,14400
2650,11,2025-01-23,19000
2651,83,2025-01-18,129200
2652,175,2025-02-04,2400
2653,144,2025-03-26,144000
2654,62,2025-02-22,10400
2655,42,2025-03-01,9600
2656,127,2025-03-19,46450
2657,193,2025-03-18,1050
2658,187,2025-02-11,10500
2659,156,2025-01-14,135000
2660,102,2025-03-03,42000
2661,181,2025-02-19,9000
2662,73,2025-01-24,4400
2663,98,2025-02-20,4900
2664,1,2025-03-20,5200
2665,146,2025-02-06,1050
2666,7,2025-03-01,6400
2667,190,2025-03-12,11400
2668,32,2025-01-08,3100
2669,184,2025-03-06,138500
2670,96,2025-02-27,142500
2671,2,2025-02-14,71800
2672,35,2025-03-25,93700
2673,127,2025-02-13,6600
2674,74,2025-02-27,1000
2675,95,2025-03-15,160200
2676,136,2025-01-09,37850
2677,22,2025-01-31,51800
2678,126,2025-02-04,135000
2679,190,2025-02-05,137400
2680,112,2025-03-18,139900
2681,9,2025-03-05,900
2682,33,2025-03-04,3200
2683,41,2025-03-12,6000
2684,105,2025-02-10,5600
2685,137,2025-03-13,4900
2686,37,2025-03-21,500
2687,69,2025-01-19,60400
2688,181,2025-02-09,1600
2689,49,2025-02-01,2400
2690,107,2025-02-20,3000
2691,190,2025-02-24,68400
2692,60,2025-02-11,7900
2693,123,2025-01-31,162000
2694,159,2025-02-06,8700
2695,153,2025-01-24,7550
2696,121,2025-03-06,3000
2697,44,2025-01-12,2800
2698,95,2025-02-12,50400
2699,50,2025-01-10,16500
2700,156,2025-03-27,5250
2701,86,2025-01-16,16900
2702,169,2025-03-16,39100
2703,111,2025-03-07,8700
2704,76,2025-02-05,96600
2705,149,2025-01-26,58800
2706,69,2025-03-13,143900
2707,11,2025-03-03,25050
2708,133,2025-03-24,4600
2709,72,2025-01-01,2200
2710,48,2025-02-14,91600
2711,24,2025-01-02,62400
2712,72,2025-02-03,20600
2713,19,2025-02-13,4500
2714,73,2025-01-06,33800
2715,117,2025-02-05,53100
2716,15,2025-02-14,6400
2717,145,2025-02-19,1600
2718,165,2025-02-24,1500
2719,128,2025-02-07,6850
2720,158,2025-02-03,12400
2721,137,2025-03-11,7100
2722,133,2025-02-11,6000
2723,161,2025-01-09,4250
2724,129,2025-01-08,20400
2725,52,2025-02-25,262050
2726,25,2025-01-20,54600
2727,63,2025-02-03,2200
2728,18,2025-03-30,3950
2729,60,2025-01-18,4700
2730,54,2025-02-28,92400
2731,18,2025-01-02,5250
2732,81,2025-02-12,136500
2733,101,2025-03-02,90000
2734,183,2025-03-23,12000
2735,28,2025-03-06,24400
2736,92,2025-01-25,3950
2737,180,2025-01-29,15350
2738,70,2025-03-04,13400
2739,191,2025-02-19,1600
2740,191,2025-02-05,5300
2741,68,2025-03-25,8700
2742,135,2025-03-31,12350
2743,171,2025-02-18,47400
2744,35,2025-01-12,850
2745,189,2025-02-07,4800
2746,17,2025-02-25,1200
2747,32,2025-03-27,46500
2748,165,2025-01-13,43400
2749,168,2025-03-27,136600
2750,179,2025-02-17,2050
2751,178,2025-02-14,3600
2752,87,2025-02-16,102800
2753,136,2025-03-06,49250
2754,1,2025-02-14,3500
2755,116,2025-03-13,14700
2756,87,2025-01-11,106400
2757,45,2025-03-13,9350
2758,180,2025-03-11,3000
2759,90,2025-03-20,2700
2760,113,2025-03-31,1600
2761,67,2025-03-17,5600
2762,155,2025-03-05,12600
2763,199,2025-01-05,72400
2764,65,2025-01-04,105600
2765,142,2025-01-05,149000
2766,57,2025-02-23,4400
2767,80,2025-01-08,36000
2768,85,2025-03-02,2700
2769,123,2025-03-17,115000
2770,179,2025-03-16,8250
2771,115,2025-03-25,4400
2772,80,2025-01-02,8500
2773,71,2025-03-26,49900
2774,129,2025-02-14,37200
2775,62,2025-03-13,147700
2776,121,2025-01-01,5900
2777,50,2025-02-13,6000
2778,73,2025-02-27,9800
2779,167,2025-02-14,189000
2780,138,2025-02-19,1750
2781,150,2025-02-25,14700
2782,64,2025-03-12,36000
2783,187,2025-01-07,152200
2784,11,2025-01-30,171000
2785,111,2025-02-08,16900
2786,35,2025-03-24,30800
2787,165,2025-02-16,93400
2788,146,2025-01-01,3000
2789,153,2025-03-31,2700
2790,182,2025-02-04,3000
2791,107,2025-01-02,2700
2792,127,2025-03-11,5750
2793,121,2025-01-10,5300
2794,163,2025-03-01,6000
2795,111,2025-02-22,8350
2796,65,2025-03-15,2400
2797,114,2025-02-08,1500
2798,137,2025-01-28,135000
2799,39,2025-01-07,3400
2800,69,2025-01-07,7100
2801,164,2025-03-28,26000
2802,164,2025-01-08,45500
2803,73,2025-03-26,10600
2804,50,2025-02-06,42800
2805,160,2025-03-23,139200
2806,155,2025-01-27,272200
2807,47,2025-02-07,7500
2808,120,2025-03-24,99000
2809,78,2025-02-01,7100
2810,42,2025-02-11,40450
2811,191,2025-03-21,46500
2812,105,2025-03-02,1000
2813,183,2025-02-25,1050
2814,189,2025-02-05,103800
2815,190,2025-01-26,13000
2816,164,2025-02-20,5250
2817,30,2025-03-30,108000
2818,151,2025-02-08,3400
2819,86,2025-03-28,3600
2820,171,2025-02-14,183900
2821,76,2025-01-21,4400
2822,116,2025-03-08,32500
2823,113,2025-02-13,700
2824,80,2025-01-22,7500
2825,91,2025-02-27,18000
2826,200,2025-01-18,2400
2827,195,2025-03-31,90000
2828,92,2025-03-07,2600
2829,178,2025-01-15,500
2830,28,2025-03-17,22600
2831,31,2025-01-06,6150
2832,91,2025-01-11,27000
2833,26,2025-03-07,1500
2834,78,2025-02-14,135000
2835,21,2025-01-19,9000
2836,111,2025-01-11,2250
2837,138,2025-03-30,7200
2838,113,2025-02-25,5300
2839,168,2025-02-19,52900
2840,120,2025-02-01,37350
2841,36,2025-03-17,52000
2842,173,2025-01-06,18250
2843,151,2025-02-14,350
2844,152,2025-02-24,105200
2845,32,2025-01-17,6000
2846,103,2025-02-17,4400
2847,108,2025-03-01,1000
2848,63,2025-01-28,8650
2849,41,2025-02-18,700
2850,143,2025-03-19,139800
2851,45,2025-03-26,7400
2852,52,2025-03-21,136900
2853,174,2025-01-22,1800
2854,15,2025-01-06,45000
2855,127,2025-03-20,15550
2856,9,2025-01-13,78000
2857,192,2025-01-31,94200
2858,174,2025-03-27,3000
2859,106,2025-01-09,95300
2860,22,2025-03-27,3000
2861,115,2025-03-09,26500
2862,83,2025-01-27,2200
2863,20,2025-02-24,4400
2864,47,2025-01-24,2700
2865,147,2025-02-27,174000
2866,154,2025-01-13,47300
2867,96,2025-01-25,97000
2868,8,2025-03-29,136500
2869,189,2025-01-23,137200
2870,194,2025-01-09,46500
2871,175,2025-03-11,33000
2872,170,2025-02-14,5200
2873,13,2025-02-28,2650
2874,44,2025-02-07,500
2875,20,2025-02-07,1500
2876,39,2025-02-16,6650
2877,132,2025-03-01,800
2878,92,2025-02-25,95650
2879,51,2025-02-08,45000
2880,3,2025-01-23,70400
2881,166,2025-02-05,4100
2882,165,2025-01-14,81500
2883,69,2025-01-11,153000
2884,122,2025-01-08,142100
2885,43,2025-02-14,700
2886,83,2025-02-03,9350
2887,158,2025-02-07,12800
2888,178,2025-02-07,40300
2889,136,2025-02-26,135000
2890,31,2025-01-17,3350
2891,61,2025-02-07,139850
2892,7,2025-02-26,49800
2893,71,2025-03-12,30600
2894,169,2025-03-20,14900
2895,43,2025-01-01,1900
2896,34,2025-01-03,5900
2897,92,2025-02-03,13200
2898,190,2025-02-06,6000
2899,5,2025-01-15,1200
2900,164,2025-02-21,6600
2901,188,2025-02-27,6600
2902,153,2025-02-20,1300
2903,99,2025-03-15,10900
2904,177,2025-02-27,6600
2905,98,2025-02-06,6600
2906,79,2025-02-25,27500
2907,91,2025-02-18,9700
2908,144,2025-01-02,2200
2909,74,2025-02-27,21400
2910,110,2025-01-02,181500
2911,162,2025-02-03,12000
2912,90,2025-01-23,25200
2913,102,2025-01-14,13000
2914,30,2025-02-14,4750
2915,111,2025-01-10,5800
2916,64,2025-03-03,5050
2917,166,2025-03-13,800
2918,26,2025-03-31,36000
2919,41,2025-03-13,1700
2920,21,2025-02-27,5900
2921,104,2025-01-07,94500
2922,142,2025-03-06,13300
2923,17,2025-01-16,36000
2924,100,2025-02-03,1900
2925,184,2025-01-29,95400
2926,106,2025-02-03,18000
2927,117,2025-01-04,11200
2928,8,2025-03-12,3100
2929,27,2025-02-23,800
2930,166,2025-01-18,5600
2931,7,2025-03-27,17800
2932,111,2025-02-11,26900
2933,63,2025-03-07,28800
2934,41,2025-01-19,135000
2935,103,2025-01-23,92200
2936,184,2025-03-17,7300
2937,98,2025-03-20,18700
2938,184,2025-01-11,92200
2939,49,2025-02-06,12000
2940,63,2025-01-01,1050
2941,177,2025-01-25,8900
2942,77,2025-02-17,4500
2943,168,2025-02-06,94800
2944,166,2025-03-21,14200
2945,48,2025-01-06,5400
2946,67,2025-03-28,2400
2947,36,2025-02-05,500
2948,16,2025-01-20,168000
2949,89,2025-02-07,4500
2950,136,2025-01-14,49900
2951,22,2025-02-03,9350
2952,159,2025-03-27,3000
2953,162,2025-03-27,36000
2954,111,2025-03-14,136200
2955,175,2025-03-02,54000
2956,147,2025-01-12,6000
2957,108,2025-03-29,33700
2958,50,2025-01-09,800
2959,155,2025-01-28,94000
2960,23,2025-01-14,24000
2961,10,2025-01-14,3000
2962,146,2025-02-15,800
2963,99,2025-03-03,3600
2964,196,2025-02-24,4400
2965,42,2025-03-31,12000
2966,25,2025-02-09,3000
2967,136,2025-02-06,9700
2968,120,2025-02-11,3000
2969,111,2025-02-13,1200
2970,55,2025-03-13,12000
2971,93,2025-03-13,7750
2972,121,2025-02-13,12100
2973,124,2025-03-07,6000
2974,146,2025-02-14,7600
2975,29,2025-03-22,173400
2976,151,2025-02-05,11800
2977,159,2025-03-18,1000
2978,45,2025-01-03,27800
2979,131,2025-03-04,3400
2980,178,2025-03-09,400
2981,21,2025-02-20,1800
2982,3,2025-01-27,3600
2983,159,2025-03-26,8800
2984,123,2025-03-30,4400
2985,75,2025-03-18,800
2986,103,2025-02-03,95200
2987,194,2025-03-21,2200
2988,172,2025-01-23,49500
2989,137,2025-03-21,168600
2990,87,2025-02-17,16600
2991,164,2025-01-14,1200
2992,197,2025-02-03,135000
2993,106,2025-01-01,5900
2994,103,2025-01-01,1000
2995,65,2025-01-31,24800
2996,173,2025-02-02,47800
2997,37,2025-01-10,24000
2998,163,2025-02-17,16800
2999,159,2025-03-13,36000
3000,80,2025-02-03,145650
